Time(s),Reference(C),Temperature(C),Control_Total(%),Base_NMPC(%),Residual_SAC(%)
0.0,40.77585271554666,35.078,47.88619132562062,37.10185857339284,10.784332752227783
1.0,40.77585271554666,35.207,45.32346935792348,37.10185857339284,8.22161078453064
2.0,40.77585271554666,35.175,44.38244493527791,37.10185857339284,7.280586361885071
3.0,40.77585271554666,35.175,40.03067524953267,37.10185857339284,2.9288166761398315
4.0,40.77585271554666,35.175,39.24149425549886,37.10185857339284,2.139635682106018
5.0,40.77585271554666,35.143,48.274764232577475,43.700850419940146,4.573913812637329
6.0,40.77585271554666,35.143,47.930887155474814,43.700850419940146,4.230036735534668
7.0,40.77585271554666,35.143,49.22282498353878,43.700850419940146,5.521974563598633
8.0,40.77585271554666,35.207,46.56401019567409,43.700850419940146,2.8631597757339478
9.0,40.77585271554666,35.11,48.60215824121395,43.700850419940146,4.901307821273804
10.0,40.77585271554666,35.175,53.3754565207307,49.87864453476116,3.4968119859695435
11.0,40.77585271554666,35.239,53.37949592750713,49.87864453476116,3.5008513927459717
12.0,40.77585271554666,35.239,52.446521708184925,49.87864453476116,2.567877173423767
13.0,40.77585271554666,35.271,51.55454952400371,49.87864453476116,1.6759049892425537
14.0,40.77585271554666,35.271,52.20615107696697,49.87864453476116,2.3275065422058105
15.0,40.77585271554666,35.368,57.425311896321226,55.694301816937376,1.73101007938385
16.0,40.77585271554666,35.4,57.34520146560376,55.694301816937376,1.6508996486663818
17.0,40.77585271554666,35.368,57.01107332420056,55.694301816937376,1.3167715072631836
18.0,40.77585271554666,35.497,57.345616313931394,55.694301816937376,1.6513144969940186
19.0,40.77585271554666,35.562,58.72887263011639,55.694301816937376,3.034570813179016
20.0,40.77585271554666,35.626,64.21492125636489,60.54783370143325,3.6670875549316406
21.0,40.77585271554666,35.594,61.440603395761556,60.54783370143325,0.8927696943283081
22.0,40.77585271554666,35.819,59.01343848353774,60.54783370143325,-1.5343952178955078
23.0,40.77585271554666,35.852,57.83441539651305,60.54783370143325,-2.7134183049201965
24.0,40.77585271554666,35.916,59.99615695125014,60.54783370143325,-0.5516767501831055
25.0,40.77585271554666,36.109,57.26457383281142,60.54783370143325,-3.283259868621826
26.0,40.77585271554666,36.077,58.989044686616964,60.54783370143325,-1.5587890148162842
27.0,40.77585271554666,36.271,59.37654610520751,60.54783370143325,-1.1712875962257385
28.0,40.77585271554666,36.238,59.87012620812804,60.54783370143325,-0.6777074933052063
29.0,40.77585271554666,36.432,59.949834307493276,60.54783370143325,-0.5979993939399719
30.0,40.77585271554666,36.496,57.023605963052816,60.54783370143325,-3.524227738380432
31.0,40.77585271554666,36.561,56.071725746454305,60.54783370143325,-4.476107954978943
32.0,40.77585271554666,36.722,56.97460379249007,60.54783370143325,-3.5732299089431763
33.0,40.77585271554666,36.818,54.87820889598281,60.54783370143325,-5.6696248054504395
34.0,40.77585271554666,36.947,51.04083504325301,60.54783370143325,-9.506998658180237
35.0,40.77585271554666,37.173,50.66411878711135,60.54783370143325,-9.8837149143219
36.0,40.77585271554666,37.141,50.60057010299117,60.54783370143325,-9.947263598442078
37.0,40.77585271554666,37.302,50.66595431214721,60.54783370143325,-9.881879389286041
38.0,40.77585271554666,37.431,50.05344148522765,60.54783370143325,-10.494392216205597
39.0,40.77585271554666,37.56,51.73247571832091,60.54783370143325,-8.815357983112335
40.0,40.77585271554666,37.688,51.13308962232024,60.54783370143325,-9.414744079113007
41.0,40.77585271554666,37.785,49.99754603749663,60.54783370143325,-10.550287663936615
42.0,40.77585271554666,37.946,50.23254867440612,60.54783370143325,-10.31528502702713
43.0,40.77585271554666,38.172,49.91444404965789,60.54783370143325,-10.63338965177536
44.0,40.77585271554666,38.14,49.534011145891256,60.54783370143325,-11.013822555541992
45.0,40.77585271554666,38.236,49.26680948382766,60.54783370143325,-11.28102421760559
46.0,40.77585271554666,38.462,48.61265893823058,60.54783370143325,-11.935174763202667
47.0,40.77585271554666,38.559,48.42991646176726,60.54783370143325,-12.117917239665985
48.0,40.77585271554666,38.72,48.309737404645986,60.54783370143325,-12.238096296787262
49.0,40.77585271554666,38.849,48.35501666909606,60.54783370143325,-12.192817032337189
50.0,40.77585271554666,38.945,46.94926924244375,59.15090806023092,-12.20163881778717
51.0,40.77585271554666,39.01,46.690453059830375,59.15090806023092,-12.460455000400543
52.0,40.77585271554666,39.203,45.727712578930564,59.15090806023092,-13.423195481300354
53.0,40.77585271554666,39.332,45.35333610311956,59.15090806023092,-13.797571957111359
54.0,40.77585271554666,39.493,45.45682377354116,59.15090806023092,-13.694084286689758
55.0,40.77585271554666,39.687,42.783901870923756,56.587126136499165,-13.803224265575409
56.0,40.77585271554666,39.719,43.01000225611281,56.587126136499165,-13.577123880386353
57.0,40.77585271554666,39.977,43.376384854989766,56.587126136499165,-13.2107412815094
58.0,40.77585271554666,40.041,43.28592109747481,56.587126136499165,-13.301205039024353
59.0,40.77585271554666,40.105,42.75908964939666,56.587126136499165,-13.828036487102509
60.0,40.77585271554666,40.299,39.41307193466984,53.18957692810856,-13.77650499343872
61.0,40.77585271554666,40.331,39.59677464196049,53.18957692810856,-13.592802286148071
62.0,40.77585271554666,40.492,39.43512326905094,53.18957692810856,-13.754453659057617
63.0,40.77585271554666,40.621,39.334751431434974,53.18957692810856,-13.854825496673584
64.0,40.77585271554666,40.75,39.49963307806812,53.18957692810856,-13.689943850040436
65.0,40.77585271554666,40.847,35.572560709078076,49.33985231455064,-13.767291605472565
66.0,40.77585271554666,41.072,35.59518782432771,49.33985231455064,-13.744664490222931
67.0,40.77585271554666,41.072,35.6788146310637,49.33985231455064,-13.661037683486938
68.0,40.77585271554666,41.201,35.89449552829957,49.33985231455064,-13.445356786251068
69.0,40.77585271554666,41.362,35.981324892599346,49.33985231455064,-13.358527421951294
70.0,40.77585271554666,41.459,31.989327529204317,45.582116404307314,-13.592788875102997
71.0,40.77585271554666,41.588,31.98085443092627,45.582116404307314,-13.601261973381042
72.0,40.77585271554666,41.685,32.22304091764731,45.582116404307314,-13.359075486660004
73.0,40.77585271554666,41.91,32.366687515509554,45.582116404307314,-13.21542888879776
74.0,40.77585271554666,41.878,32.32775256944937,45.582116404307314,-13.25436383485794
75.0,40.77585271554666,42.007,29.08830159259184,41.97426491332396,-12.885963320732117
76.0,40.77585271554666,42.136,28.923211627725202,41.97426491332396,-13.051053285598755
77.0,40.77585271554666,42.168,28.360646003011304,41.97426491332396,-13.613618910312653
78.0,40.77585271554666,42.329,28.452564411882,41.97426491332396,-13.521700501441956
79.0,40.77585271554666,42.394,28.356432252648908,41.97426491332396,-13.617832660675049
80.0,40.77585271554666,42.587,24.72118187155443,38.53831070866304,-13.817128837108612
81.0,40.77585271554666,42.555,24.471598746439987,38.53831070866304,-14.066711962223053
82.0,40.77585271554666,42.684,24.55384957995134,38.53831070866304,-13.9844611287117
83.0,40.77585271554666,42.941,24.45161271300035,38.53831070866304,-14.08669799566269
84.0,40.77585271554666,42.941,24.1300104876967,38.53831070866304,-14.408300220966339
85.0,40.77585271554666,42.877,20.992353866659528,35.32540113743437,-14.333047270774841
86.0,40.77585271554666,43.103,21.2196639281143,35.32540113743437,-14.105737209320068
87.0,40.77585271554666,43.07,20.937678824030286,35.32540113743437,-14.387722313404083
88.0,40.77585271554666,43.167,20.917263637148267,35.32540113743437,-14.408137500286102
89.0,40.77585271554666,43.167,20.857478986345654,35.32540113743437,-14.467922151088715
90.0,40.77585271554666,43.167,17.87661040918406,32.331107210083566,-14.454496800899506
91.0,40.77585271554666,43.393,17.92026425497111,32.331107210083566,-14.410842955112457
92.0,40.77585271554666,43.457,17.758285652561746,32.331107210083566,-14.57282155752182
93.0,40.77585271554666,43.457,17.71831179754313,32.331107210083566,-14.612795412540436
94.0,40.77585271554666,43.521,17.729187261028848,32.331107210083566,-14.601919949054718
95.0,40.77585271554666,43.747,14.85896819282333,29.531728858240047,-14.672760665416718
96.0,40.77585271554666,43.65,14.735633069761196,29.531728858240047,-14.796095788478851
97.0,40.77585271554666,43.747,14.824294382818142,29.531728858240047,-14.707434475421906
98.0,40.77585271554666,43.812,14.793769056089321,29.531728858240047,-14.737959802150726
99.0,40.77585271554666,43.844,14.773678416498104,29.531728858240047,-14.758050441741943
100.0,40.77585271554666,43.812,12.204842881076921,26.95012869011699,-14.74528580904007
101.0,40.77585271554666,43.812,12.243587390297044,26.95012869011699,-14.706541299819946
102.0,40.77585271554666,43.94,12.276058212631334,26.95012869011699,-14.674070477485657
103.0,40.77585271554666,43.908,12.219308034294237,26.95012869011699,-14.730820655822754
104.0,40.77585271554666,44.037,12.262989596241106,26.95012869011699,-14.687139093875885
105.0,40.77585271554666,44.037,9.845026880233615,24.568121880023806,-14.723094999790192
106.0,40.77585271554666,44.069,9.840256124465792,24.568121880023806,-14.727865755558014
107.0,40.77585271554666,44.069,9.855339079826205,24.568121880023806,-14.712782800197601
108.0,40.77585271554666,44.102,9.885418265788882,24.568121880023806,-14.682703614234924
109.0,40.77585271554666,44.198,9.894503801791995,24.568121880023806,-14.673618078231812
110.0,40.77585271554666,44.166,7.664948384577659,22.375742773825554,-14.710794389247894
111.0,40.77585271554666,44.198,7.692949752623466,22.375742773825554,-14.682793021202087
112.0,40.77585271554666,44.23,7.722292225176719,22.375742773825554,-14.653450548648834
113.0,40.77585271554666,44.263,7.720557730013756,22.375742773825554,-14.655185043811798
114.0,40.77585271554666,44.198,7.726331631953148,22.375742773825554,-14.649411141872406
115.0,40.77585271554666,44.263,5.807587422494301,20.365548648003944,-14.557961225509644
116.0,40.77585271554666,44.295,5.7947512642186965,20.365548648003944,-14.570797383785248
117.0,40.77585271554666,44.198,5.782208360795387,20.365548648003944,-14.583340287208557
118.0,40.77585271554666,44.295,5.901443280343422,20.365548648003944,-14.464105367660522
119.0,40.77585271554666,44.295,5.859035767678627,20.365548648003944,-14.506512880325317
120.0,40.77585271554666,44.295,4.023199421838296,18.522684020474923,-14.499484598636627
121.0,40.77585271554666,44.263,4.06675760217048,18.522684020474923,-14.455926418304443
122.0,40.77585271554666,44.263,4.12904654212333,18.522684020474923,-14.393637478351593
123.0,40.77585271554666,44.327,4.171895725205911,18.522684020474923,-14.350788295269012
124.0,40.77585271554666,44.327,4.11373470492698,18.522684020474923,-14.408949315547943
125.0,40.77585271554666,44.23,2.4508121223403485,16.83647807549968,-14.385665953159332
126.0,40.77585271554666,44.295,2.628583571429399,16.83647807549968,-14.207894504070282
127.0,40.77585271554666,44.327,2.5645753354980023,16.83647807549968,-14.271902740001678
128.0,40.77585271554666,44.166,2.539314290995744,16.83647807549968,-14.297163784503937
129.0,40.77585271554666,44.198,2.840229532237199,16.83647807549968,-13.996248543262482
130.0,40.77585271554666,44.134,1.2982482423722441,15.296283136838644,-13.9980348944664
131.0,40.77585271554666,44.166,1.4047873725831206,15.296283136838644,-13.891495764255524
132.0,40.77585271554666,44.102,1.3996223320901091,15.296283136838644,-13.896660804748535
133.0,40.77585271554666,44.102,1.5904337873398955,15.296283136838644,-13.705849349498749
134.0,40.77585271554666,44.102,1.6311434616982634,15.296283136838644,-13.66513967514038
135.0,40.77585271554666,44.198,0.20362450872887372,13.88577832972039,-13.682153820991516
136.0,40.77585271554666,44.102,0.0574843505524516,13.88577832972039,-13.828293979167938
137.0,40.77585271554666,44.069,0.3676254967354655,13.88577832972039,-13.518152832984924
138.0,40.77585271554666,44.069,0.46271338259209394,13.88577832972039,-13.423064947128296
139.0,40.77585271554666,44.102,0.44254048859108686,13.88577832972039,-13.443237841129303
140.0,40.77585271554666,44.005,0.0,12.599607903933743,-13.47530722618103
141.0,40.77585271554666,43.973,0.0,12.599607903933743,-13.196922540664673
142.0,40.77585271554666,43.908,0.0,12.599607903933743,-13.142825067043304
143.0,40.77585271554666,43.908,0.0,12.599607903933743,-12.975313067436218
144.0,40.77585271554666,43.812,0.0,12.599607903933743,-12.9201078414917
145.0,40.77585271554666,43.844,0.0,11.426774870765708,-12.58082628250122
146.0,40.77585271554666,43.779,0.0,11.426774870765708,-12.806318700313568
147.0,40.77585271554666,43.779,0.0,11.426774870765708,-12.589374482631683
148.0,40.77585271554666,43.747,0.0,11.426774870765708,-12.413375973701477
149.0,40.77585271554666,43.715,0.0,11.426774870765708,-12.417107820510864
150.0,40.77585271554666,43.618,0.0,10.359543773363711,-12.31659471988678
151.0,40.77585271554666,43.618,0.0,10.359543773363711,-11.983076333999634
152.0,40.77585271554666,43.521,0.0,10.359543773363711,-12.080256342887878
153.0,40.77585271554666,43.586,0.0,10.359543773363711,-11.772341430187225
154.0,40.77585271554666,43.457,0.0,10.359543773363711,-12.10267424583435
155.0,40.77585271554666,43.457,0.0,9.386089093563147,-11.64022296667099
156.0,40.77585271554666,43.425,0.0,9.386089093563147,-11.56522661447525
157.0,40.77585271554666,43.36,0.0,9.386089093563147,-11.60624384880066
158.0,40.77585271554666,43.36,0.0,9.386089093563147,-11.445359587669373
159.0,40.77585271554666,43.328,0.0,9.386089093563147,-11.445847749710083
160.0,40.77585271554666,43.167,0.0,8.498222613698829,-11.423970758914948
161.0,40.77585271554666,43.264,0.0,8.498222613698829,-11.044124364852905
162.0,40.77585271554666,43.199,0.0,8.498222613698829,-11.230628192424774
163.0,40.77585271554666,43.07,0.0,8.498222613698829,-11.04652315378189
164.0,40.77585271554666,43.135,0.0,8.498222613698829,-10.854593217372894
165.0,40.77585271554666,43.07,0.0,7.689870414118562,-10.905117094516754
166.0,40.77585271554666,42.909,0.0,7.689870414118562,-10.76926052570343
167.0,40.77585271554666,42.941,0.0,7.689870414118562,-10.376120209693909
168.0,40.77585271554666,42.813,0.0,7.689870414118562,-10.411915183067322
169.0,40.77585271554666,42.78,0.0,7.689870414118562,-10.255689918994904
170.0,40.77585271554666,42.684,0.0,6.952851707621529,-10.185303390026093
171.0,40.77585271554666,42.748,0.0,6.952851707621529,-10.029894411563873
172.0,40.77585271554666,42.651,0.0,6.952851707621529,-10.134856402873993
173.0,40.77585271554666,42.651,0.0,6.952851707621529,-9.947518408298492
174.0,40.77585271554666,42.49,0.0,6.952851707621529,-9.858616590499878
175.0,40.77585271554666,42.522,0.0,6.281532797056028,-9.462004601955414
176.0,40.77585271554666,42.49,0.0,6.281532797056028,-9.480613768100739
177.0,40.77585271554666,42.522,0.0,6.281532797056028,-9.496148228645325
178.0,40.77585271554666,42.361,0.0,6.281532797056028,-9.52142983675003
179.0,40.77585271554666,42.329,0.0,6.281532797056028,-9.056151509284973
180.0,40.77585271554666,42.2,0.0,6.281532797056028,-8.825247287750244
181.0,40.77585271554666,42.2,0.0,6.281532797056028,-8.443758487701416
182.0,40.77585271554666,42.265,0.0,6.281532797056028,-8.464218378067017
183.0,40.77585271554666,42.232,0.0,6.281532797056028,-8.775064945220947
184.0,40.77585271554666,42.136,0.0,6.281532797056028,-8.629969954490662
185.0,40.77585271554666,42.071,0.0,6.281532797056028,-8.20399135351181
186.0,40.77585271554666,41.878,0.0,6.281532797056028,-7.92689323425293
187.0,40.77585271554666,41.878,0.0,6.281532797056028,-7.85334974527359
188.0,40.77585271554666,41.878,0.0,6.281532797056028,-7.9630351066589355
189.0,40.77585271554666,41.91,0.0,6.281532797056028,-7.940702140331268
190.0,40.77585271554666,41.878,0.0,6.281532797056028,-7.870033085346222
191.0,40.77585271554666,41.781,0.0,6.281532797056028,-7.690365314483643
192.0,40.77585271554666,41.781,0.0,6.281532797056028,-7.498885989189148
193.0,40.77585271554666,41.62,0.0,6.281532797056028,-7.498269081115723
194.0,40.77585271554666,41.652,0.0,6.281532797056028,-7.438221573829651
195.0,40.77585271554666,41.588,0.0,6.281532797056028,-7.40537166595459
196.0,40.77585271554666,41.523,0.0,6.281532797056028,-7.260031700134277
197.0,40.77585271554666,41.491,0.0,6.281532797056028,-7.275697588920593
198.0,40.77585271554666,41.491,0.0,6.281532797056028,-7.2884514927864075
199.0,40.77585271554666,41.362,0.0,6.281532797056028,-7.171708345413208
200.0,40.77585271554666,41.362,0.0,6.281532797056028,-7.167955040931702
201.0,40.77585271554666,41.266,0.0,6.281532797056028,-7.2148168087005615
202.0,40.77585271554666,41.233,0.0,6.281532797056028,-7.1749502420425415
203.0,40.77585271554666,41.169,0.0,6.281532797056028,-7.162780165672302
204.0,40.77585271554666,41.169,0.0,6.281532797056028,-7.046248912811279
205.0,40.77585271554666,41.201,0.0,6.281532797056028,-6.985180377960205
206.0,40.77585271554666,41.104,0.0,6.281532797056028,-6.840271353721619
207.0,40.77585271554666,40.943,0.0,6.281532797056028,-6.907244324684143
208.0,40.77585271554666,40.943,0.0,6.281532797056028,-7.1464455127716064
209.0,40.77585271554666,40.879,0.0,6.281532797056028,-7.08402693271637
210.0,40.77585271554666,40.879,0.0,6.281532797056028,-6.886746883392334
211.0,40.77585271554666,40.879,0.0,6.281532797056028,-6.8985432386398315
212.0,40.77585271554666,40.75,0.0,6.281532797056028,-6.837622225284576
213.0,40.77585271554666,40.782,0.0,6.281532797056028,-6.93677544593811
214.0,40.77585271554666,40.75,0.0,6.281532797056028,-6.95891797542572
215.0,40.77585271554666,40.557,0.0,6.281532797056028,-6.819444894790649
216.0,40.77585271554666,40.557,0.0,6.281532797056028,-7.004854381084442
217.0,40.77585271554666,40.524,0.0,6.281532797056028,-6.907033324241638
218.0,40.77585271554666,40.589,0.0,6.281532797056028,-6.752411127090454
219.0,40.77585271554666,40.524,0.0,6.281532797056028,-6.97199821472168
220.0,40.77585271554666,40.428,0.0,6.281532797056028,-6.849677860736847
221.0,40.77585271554666,40.363,0.0,6.281532797056028,-6.588521897792816
222.0,40.77585271554666,40.331,0.0,6.281532797056028,-6.500135064125061
223.0,40.77585271554666,40.234,0.0,6.281532797056028,-6.470575332641602
224.0,40.77585271554666,40.234,0.007546397882291167,6.281532797056028,-6.273986399173737
225.0,40.77585271554666,40.234,0.0,6.281532797056028,-6.3537633419036865
226.0,40.77585271554666,40.17,0.0,6.281532797056028,-6.440233290195465
227.0,40.77585271554666,40.17,0.0,6.281532797056028,-6.310551166534424
228.0,40.77585271554666,40.138,0.037309083181210845,6.281532797056028,-6.244223713874817
229.0,40.77585271554666,39.977,0.17871961279470572,6.281532797056028,-6.102813184261322
230.0,40.77585271554666,40.073,0.5449841944750036,6.281532797056028,-5.736548602581024
231.0,40.77585271554666,39.944,0.151962789731809,6.281532797056028,-6.129570007324219
232.0,40.77585271554666,39.912,0.3658314077432836,6.281532797056028,-5.915701389312744
233.0,40.77585271554666,39.848,0.5589754907663549,6.281532797056028,-5.722557306289673
234.0,40.77585271554666,39.848,0.550948533254453,6.281532797056028,-5.730584263801575
235.0,40.77585271554666,39.88,0.6287361709650243,6.281532797056028,-5.652796626091003
236.0,40.77585271554666,39.783,0.5371342627580846,6.281532797056028,-5.744398534297943
237.0,40.77585271554666,39.815,0.6353817908342565,6.281532797056028,-5.646151006221771
238.0,40.77585271554666,39.719,0.7204766599710668,6.281532797056028,-5.561056137084961
239.0,40.77585271554666,39.654,0.7680420605715002,6.281532797056028,-5.513490736484528
240.0,40.77585271554666,39.59,3.249867310158317,8.62735306226403,-5.377485752105713
241.0,40.77585271554666,39.59,3.4091458221593545,8.62735306226403,-5.218207240104675
242.0,40.77585271554666,39.59,3.4164414306798623,8.62735306226403,-5.2109116315841675
243.0,40.77585271554666,39.654,3.2974049945989297,8.62735306226403,-5.3299480676651
244.0,40.77585271554666,39.429,3.313743223778312,8.62735306226403,-5.313609838485718
245.0,40.77585271554666,39.364,6.137027311100432,11.153376865162322,-5.01634955406189
246.0,40.77585271554666,39.461,6.169593798889586,11.153376865162322,-4.983783066272736
247.0,40.77585271554666,39.332,6.354949641003081,11.153376865162322,-4.798427224159241
248.0,40.77585271554666,39.332,6.283304261936614,11.153376865162322,-4.870072603225708
249.0,40.77585271554666,39.268,6.246126162781188,11.153376865162322,-4.907250702381134
250.0,40.77585271554666,39.268,8.80179004565656,13.629533814348576,-4.827743768692017
251.0,40.77585271554666,39.235,8.857658671297429,13.629533814348576,-4.7718751430511475
252.0,40.77585271554666,39.268,8.889872001566289,13.629533814348576,-4.739661812782288
253.0,40.77585271554666,39.106,8.997113870539067,13.629533814348576,-4.632419943809509
254.0,40.77585271554666,39.171,8.966413306154607,13.629533814348576,-4.66312050819397
255.0,40.77585271554666,39.106,11.501816677771014,16.163917052469653,-4.662100374698639
256.0,40.77585271554666,39.042,11.486169564447803,16.163917052469653,-4.677747488021851
257.0,40.77585271554666,38.978,11.514992582521838,16.163917052469653,-4.648924469947815
258.0,40.77585271554666,38.978,11.512594687662524,16.163917052469653,-4.651322364807129
259.0,40.77585271554666,38.978,11.569509374819201,16.163917052469653,-4.594407677650452
260.0,40.77585271554666,38.945,14.120496922721248,18.750406318892818,-4.62990939617157
261.0,40.77585271554666,39.01,14.040044957389217,18.750406318892818,-4.710361361503601
262.0,40.77585271554666,38.945,14.001894110431056,18.750406318892818,-4.7485122084617615
263.0,40.77585271554666,39.01,13.987825924147945,18.750406318892818,-4.762580394744873
264.0,40.77585271554666,38.945,13.968412095298152,18.750406318892818,-4.7819942235946655
265.0,40.77585271554666,38.849,16.50081483278712,21.273884452919567,-4.773069620132446
266.0,40.77585271554666,38.945,16.42231462154826,21.273884452919567,-4.851569831371307
267.0,40.77585271554666,38.849,16.31611344967326,21.273884452919567,-4.957771003246307
268.0,40.77585271554666,38.945,16.30204526339015,21.273884452919567,-4.971839189529419
269.0,40.77585271554666,38.913,16.244820334057415,21.273884452919567,-5.029064118862152
270.0,40.77585271554666,38.816,16.162159122566784,21.273884452919567,-5.111725330352783
271.0,40.77585271554666,38.816,16.32151810083827,21.273884452919567,-4.952366352081299
272.0,40.77585271554666,38.784,16.175267972092236,21.273884452919567,-5.0986164808273315
273.0,40.77585271554666,38.816,16.20659080896815,21.273884452919567,-5.067293643951416
274.0,40.77585271554666,38.72,16.038284875492657,21.273884452919567,-5.23559957742691
275.0,40.77585271554666,38.752,16.335419096092785,21.273884452919567,-4.938465356826782
276.0,40.77585271554666,38.784,16.12110701952418,21.273884452919567,-5.152777433395386
277.0,40.77585271554666,38.816,15.946577467064465,21.273884452919567,-5.3273069858551025
278.0,40.77585271554666,38.816,15.900055445770825,21.273884452919567,-5.373829007148743
279.0,40.77585271554666,38.784,15.828572787384594,21.273884452919567,-5.445311665534973
280.0,40.77585271554666,38.752,15.84690300379237,21.273884452919567,-5.426981449127197
281.0,40.77585271554666,38.816,15.884935833553875,21.273884452919567,-5.388948619365692
282.0,40.77585271554666,38.784,15.537540592293347,21.273884452919567,-5.736343860626221
283.0,40.77585271554666,38.784,15.717041172127331,21.273884452919567,-5.556843280792236
284.0,40.77585271554666,38.849,15.561122573952282,21.273884452919567,-5.712761878967285
285.0,40.77585271554666,38.849,15.216515041927899,21.273884452919567,-6.057369410991669
286.0,40.77585271554666,38.849,15.17874328051051,21.273884452919567,-6.095141172409058
287.0,40.77585271554666,38.913,15.176468767265881,21.273884452919567,-6.0974156856536865
288.0,40.77585271554666,38.816,14.990811623673046,21.273884452919567,-6.283072829246521
289.0,40.77585271554666,38.849,15.11280385408839,21.273884452919567,-6.161080598831177
290.0,40.77585271554666,38.881,14.919153727631176,21.273884452919567,-6.354730725288391
291.0,40.77585271554666,38.945,14.664501227478588,21.273884452919567,-6.609383225440979
292.0,40.77585271554666,38.816,14.564654208759869,21.273884452919567,-6.7092302441596985
293.0,40.77585271554666,38.849,14.892910100559796,21.273884452919567,-6.380974352359772
294.0,40.77585271554666,38.913,14.596002973656262,21.273884452919567,-6.677881479263306
295.0,40.77585271554666,38.913,14.34470859919032,21.273884452919567,-6.929175853729248
296.0,40.77585271554666,38.913,14.247187055687512,21.273884452919567,-7.026697397232056
297.0,40.77585271554666,38.816,14.189873613457287,21.273884452919567,-7.08401083946228
298.0,40.77585271554666,38.913,14.51613215361079,21.273884452919567,-6.757752299308777
299.0,40.77585271554666,38.913,14.036748088936413,21.273884452919567,-7.237136363983154
300.0,40.77585271554666,38.978,13.833111204247082,21.273884452919567,-7.440773248672485
301.0,40.77585271554666,38.945,13.904615320305432,21.273884452919567,-7.369269132614136
302.01,40.77585271554666,39.01,13.787195362190808,21.273884452919567,-7.48668909072876
303.0,40.77585271554666,38.945,13.650655724148358,21.273884452919567,-7.62322872877121
304.0,40.77585271554666,38.945,13.584041275124157,21.273884452919567,-7.68984317779541
305.0,40.77585271554666,38.978,13.50883839283427,21.273884452919567,-7.765046060085297
306.0,40.77585271554666,39.01,13.499513246159161,21.273884452919567,-7.7743712067604065
307.0,40.77585271554666,38.945,13.360004402737225,21.273884452919567,-7.9138800501823425
308.0,40.77585271554666,39.042,13.315502084831799,21.273884452919567,-7.9583823680877686
309.0,40.77585271554666,39.074,13.160753823856915,21.273884452919567,-8.113130629062653
310.0,40.77585271554666,38.978,13.133721627335156,21.273884452919567,-8.140162825584412
311.0,40.77585271554666,39.042,13.214524962048138,21.273884452919567,-8.05935949087143
312.0,40.77585271554666,39.01,13.162256754974926,21.273884452919567,-8.111627697944641
313.0,40.77585271554666,39.106,13.094691909889782,21.273884452919567,-8.179192543029785
314.0,40.77585271554666,39.042,12.884296752552594,21.273884452919567,-8.389587700366974
315.0,40.77585271554666,39.01,12.99247471247157,21.273884452919567,-8.281409740447998
316.0,40.77585271554666,39.203,13.117919839958752,21.273884452919567,-8.155964612960815
317.0,40.77585271554666,39.235,12.851436115841473,21.273884452919567,-8.422448337078094
318.0,40.77585271554666,39.171,12.701162673573101,21.273884452919567,-8.572721779346466
319.0,40.77585271554666,39.203,12.734654523472393,21.273884452919567,-8.539229929447174
320.0,40.77585271554666,39.332,12.773569799999798,21.273884452919567,-8.50031465291977
321.0,40.77585271554666,39.3,12.627474345306958,21.273884452919567,-8.64641010761261
322.0,40.77585271554666,39.203,12.560813404659832,21.273884452919567,-8.713071048259735
323.0,40.77585271554666,39.268,12.642366863827313,21.273884452919567,-8.631517589092255
324.0,40.77585271554666,39.364,12.598603047470654,21.273884452919567,-8.675281405448914
325.0,40.77585271554666,39.3,12.467676378826702,21.273884452919567,-8.806208074092865
326.0,40.77585271554666,39.3,12.458030261139477,21.273884452919567,-8.81585419178009
327.0,40.77585271554666,39.3,12.4451869503065,21.273884452919567,-8.828697502613068
328.0,40.77585271554666,39.3,12.454130329231823,21.273884452919567,-8.819754123687744
329.0,40.77585271554666,39.332,12.430544771294201,21.273884452919567,-8.843339681625366
330.0,40.77585271554666,39.3,12.404489792923535,21.273884452919567,-8.869394659996033
331.0,40.77585271554666,39.268,12.364895917515362,21.273884452919567,-8.908988535404205
332.0,40.77585271554666,39.3,12.337468542198742,21.273884452919567,-8.936415910720825
333.0,40.77585271554666,39.364,12.315080143551434,21.273884452919567,-8.958804309368134
334.0,40.77585271554666,39.364,12.27861014757594,21.273884452919567,-8.995274305343628
335.0,40.77585271554666,39.461,12.247798718552197,21.273884452919567,-9.02608573436737
336.0,40.77585271554666,39.396,12.033584095577801,21.273884452919567,-9.240300357341766
337.0,40.77585271554666,39.429,12.098970986942852,21.273884452919567,-9.174913465976715
338.0,40.77585271554666,39.461,12.112326599697674,21.273884452919567,-9.161557853221893
339.0,40.77585271554666,39.396,11.970706857781018,21.273884452919567,-9.30317759513855
340.0,40.77585271554666,39.525,12.054628707508648,21.273884452919567,-9.21925574541092
341.0,40.77585271554666,39.461,11.837272323708142,21.273884452919567,-9.436612129211426
342.0,40.77585271554666,39.493,11.900210358242596,21.273884452919567,-9.373674094676971
343.0,40.77585271554666,39.687,11.803991474251355,21.273884452919567,-9.469892978668213
344.0,40.77585271554666,39.622,11.418279983143414,21.273884452919567,-9.855604469776154
345.0,40.77585271554666,39.525,11.60330770168742,21.273884452919567,-9.670576751232147
346.0,40.77585271554666,39.719,11.795259989838208,21.273884452919567,-9.47862446308136
347.0,40.77585271554666,39.59,11.265895642380322,21.273884452919567,-10.007988810539246
348.0,40.77585271554666,39.429,11.500699795822705,21.273884452919567,-9.773184657096863
349.0,40.77585271554666,39.59,11.73018244657954,21.273884452919567,-9.543702006340027
350.0,40.77585271554666,39.525,11.355409003834332,21.273884452919567,-9.918475449085236
351.0,40.77585271554666,39.687,11.418572343926037,21.273884452919567,-9.85531210899353
352.0,40.77585271554666,39.558,11.231186069588269,21.273884452919567,-10.042698383331299
353.0,40.77585271554666,39.687,11.366220094303692,21.273884452919567,-9.907664358615875
354.0,40.77585271554666,39.59,11.207702435593212,21.273884452919567,-10.066182017326355
355.0,40.77585271554666,39.59,11.207478918175305,21.273884452919567,-10.066405534744263
356.0,40.77585271554666,39.558,11.233016230206097,21.273884452919567,-10.04086822271347
357.0,40.77585271554666,39.719,11.363284863571728,21.273884452919567,-9.91059958934784
358.0,40.77585271554666,39.622,10.983301676849926,21.273884452919567,-10.290582776069641
359.0,40.77585271554666,39.654,11.134543396572674,21.273884452919567,-10.139341056346893
360.0,40.77585271554666,39.654,11.103109695057476,21.273884452919567,-10.170774757862091
361.0,40.77585271554666,39.59,11.120645977596844,21.273884452919567,-10.153238475322723
362.0,40.77585271554666,39.719,11.087803222279156,21.273884452919567,-10.186081230640411
363.0,40.77585271554666,39.654,10.878548897842968,21.273884452919567,-10.3953355550766
364.0,40.77585271554666,39.59,11.075133360962475,21.273884452919567,-10.198751091957092
365.0,40.77585271554666,39.654,11.248666025738324,21.273884452919567,-10.025218427181244
366.0,40.77585271554666,39.59,10.926032044033612,21.273884452919567,-10.347852408885956
367.0,40.77585271554666,39.719,11.186496891121472,21.273884452919567,-10.087387561798096
368.0,40.77585271554666,39.719,11.049778439144696,21.273884452919567,-10.224106013774872
369.0,40.77585271554666,39.751,10.864689923863018,21.273884452919567,-10.409194529056549
370.0,40.77585271554666,39.815,10.812990345100964,21.273884452919567,-10.460894107818604
371.0,40.77585271554666,39.783,10.808484233955944,21.273884452919567,-10.465400218963623
372.0,40.77585271554666,39.783,10.771401800255383,21.273884452919567,-10.502482652664185
373.0,40.77585271554666,39.815,10.819624342064465,21.273884452919567,-10.454260110855103
374.0,40.77585271554666,39.815,10.627566553692425,21.273884452919567,-10.646317899227142
375.0,40.77585271554666,39.783,10.680997051338757,21.273884452919567,-10.59288740158081
376.0,40.77585271554666,39.783,10.648000516037548,21.273884452919567,-10.625883936882019
377.0,40.77585271554666,39.88,10.640814878086651,21.273884452919567,-10.633069574832916
378.0,40.77585271554666,39.848,10.42529759560069,21.273884452919567,-10.848586857318878
379.0,40.77585271554666,39.815,10.574663557152356,21.273884452919567,-10.699220895767212
380.0,40.77585271554666,39.88,10.518989838699902,21.273884452919567,-10.754894614219666
381.0,40.77585271554666,39.944,10.361848153214062,21.273884452919567,-10.912036299705505
382.0,40.77585271554666,39.848,10.292427219490612,21.273884452919567,-10.981457233428955
383.0,40.77585271554666,39.815,10.522676087956036,21.273884452919567,-10.751208364963531
384.0,40.77585271554666,39.912,10.4712500945135,21.273884452919567,-10.802634358406067
385.0,40.77585271554666,39.944,10.270393766502941,21.273884452919567,-11.003490686416626
386.0,40.77585271554666,39.912,10.232552267651165,21.273884452919567,-11.041332185268402
387.0,40.77585271554666,39.815,10.338753439526165,21.273884452919567,-10.935131013393402
388.0,40.77585271554666,39.912,10.258327402214611,21.273884452919567,-11.015557050704956
389.0,40.77585271554666,39.88,10.171057261566723,21.273884452919567,-11.102827191352844
390.0,40.77585271554666,39.977,10.218272186855877,21.273884452919567,-11.05561226606369
391.0,40.77585271554666,39.944,10.177203990559185,21.273884452919567,-11.096680462360382
392.0,40.77585271554666,39.912,10.173328198532666,21.273884452919567,-11.100556254386902
393.0,40.77585271554666,39.977,10.158536709885205,21.273884452919567,-11.115347743034363
394.0,40.77585271554666,39.912,10.077921129803265,21.273884452919567,-11.195963323116302
395.0,40.77585271554666,39.977,10.236120499710644,21.273884452919567,-11.037763953208923
396.0,40.77585271554666,39.815,10.088594533543194,21.273884452919567,-11.185289919376373
397.0,40.77585271554666,39.848,10.212931908707226,21.273884452919567,-11.060952544212341
398.0,40.77585271554666,39.815,10.15267340097865,21.273884452919567,-11.121211051940918
399.0,40.77585271554666,39.88,10.196941472630108,21.273884452919567,-11.07694298028946
400.0,40.77585271554666,39.848,10.069995202164257,21.273884452919567,-11.20388925075531
401.0,40.77585271554666,39.783,10.204273738007153,21.273884452919567,-11.069610714912415
402.0,40.77585271554666,39.912,10.256606318096722,21.273884452919567,-11.017278134822845
403.0,40.77585271554666,39.944,10.061216332058514,21.273884452919567,-11.212668120861053
404.0,40.77585271554666,39.912,9.977433063129986,21.273884452919567,-11.296451389789581
405.0,40.77585271554666,39.977,10.129531301598156,21.273884452919567,-11.144353151321411
406.0,40.77585271554666,39.944,10.004948951344097,21.273884452919567,-11.26893550157547
407.0,40.77585271554666,39.944,9.995375253300274,21.273884452919567,-11.278509199619293
408.0,40.77585271554666,39.944,9.986965633968914,21.273884452919567,-11.286918818950653
409.0,40.77585271554666,39.944,10.012492217163647,21.273884452919567,-11.26139223575592
410.0,40.77585271554666,39.912,9.966424383263195,21.273884452919567,-11.307460069656372
411.0,40.77585271554666,39.88,9.954873003105725,21.273884452919567,-11.319011449813843
412.0,40.77585271554666,39.944,9.969423092941845,21.273884452919567,-11.304461359977722
413.0,40.77585271554666,39.977,9.930498875717724,21.273884452919567,-11.343385577201843
414.0,40.77585271554666,39.88,9.87959412489375,21.273884452919567,-11.394290328025818
415.0,40.77585271554666,39.88,9.961044766048992,21.273884452919567,-11.312839686870575
416.0,40.77585271554666,39.912,9.873173810581768,21.273884452919567,-11.400710642337799
417.0,40.77585271554666,39.944,9.866247452835644,21.273884452919567,-11.407637000083923
418.0,40.77585271554666,39.88,9.782205797772015,21.273884452919567,-11.491678655147552
419.0,40.77585271554666,39.977,9.871851481537426,21.273884452919567,-11.402032971382141
420.0,40.77585271554666,39.977,9.717442967037762,21.273884452919567,-11.556441485881805
421.0,40.77585271554666,39.912,9.68349603567561,21.273884452919567,-11.590388417243958
422.0,40.77585271554666,39.848,9.678554512600506,21.273884452919567,-11.595329940319061
423.0,40.77585271554666,39.88,9.761483050922955,21.273884452919567,-11.512401401996613
424.0,40.77585271554666,39.88,9.683494247536267,21.273884452919567,-11.5903902053833
425.0,40.77585271554666,39.88,9.636551119427288,21.273884452919567,-11.637333333492279
426.0,40.77585271554666,39.88,9.610334314446057,21.273884452919567,-11.66355013847351
427.0,40.77585271554666,39.944,9.672267414669598,21.273884452919567,-11.60161703824997
428.0,40.77585271554666,39.912,9.510316528420056,21.273884452919567,-11.763567924499512
429.0,40.77585271554666,39.783,9.536980368237103,21.273884452919567,-11.736904084682465
430.0,40.77585271554666,39.912,9.663780011276806,21.273884452919567,-11.610104441642761
431.0,40.77585271554666,39.88,9.459578074555004,21.273884452919567,-11.814306378364563
432.0,40.77585271554666,39.944,9.461317934135998,21.273884452919567,-11.81256651878357
433.0,40.77585271554666,39.977,9.398051776032055,21.273884452919567,-11.875832676887512
434.0,40.77585271554666,39.848,9.337845124344433,21.273884452919567,-11.936039328575134
435.0,40.77585271554666,39.88,9.466421283821667,21.273884452919567,-11.8074631690979
436.0,40.77585271554666,39.912,9.376666523556317,21.273884452919567,-11.89721792936325
437.0,40.77585271554666,39.815,9.297353602985943,21.273884452919567,-11.976530849933624
438.0,40.77585271554666,39.944,9.400573052506054,21.273884452919567,-11.873311400413513
439.0,40.77585271554666,39.848,9.21012458954295,21.273884452919567,-12.063759863376617
440.0,40.77585271554666,39.88,9.303471721748913,21.273884452919567,-11.970412731170654
441.0,40.77585271554666,39.912,9.312593914608563,21.273884452919567,-11.961290538311005
442.0,40.77585271554666,39.848,9.219634808640087,21.273884452919567,-12.05424964427948
443.0,40.77585271554666,39.848,9.267834104637707,21.273884452919567,-12.00605034828186
444.0,40.77585271554666,39.912,9.251373387913311,21.273884452919567,-12.022511065006256
445.0,40.77585271554666,39.783,9.142515935043896,21.273884452919567,-12.131368517875671
446.0,40.77585271554666,39.783,9.301499404053295,21.273884452919567,-11.972385048866272
447.0,40.77585271554666,39.751,9.278478004078472,21.273884452919567,-11.995406448841095
448.0,40.77585271554666,39.751,9.294805504421795,21.273884452919567,-11.979078948497772
449.0,40.77585271554666,39.783,9.280615724663342,21.273884452919567,-11.993268728256226
450.0,40.77585271554666,39.783,9.195364393333996,21.273884452919567,-12.078520059585571
451.0,40.77585271554666,39.751,9.188430883030499,21.273884452919567,-12.085453569889069
452.0,40.77585271554666,39.654,9.287722684483136,21.273884452919567,-11.986161768436432
453.0,40.77585271554666,39.654,9.387935377697552,21.273884452919567,-11.885949075222015
454.0,40.77585271554666,39.815,9.364764668087567,21.273884452919567,-11.909119784832
455.0,40.77585271554666,39.687,9.09599033747157,21.273884452919567,-12.177894115447998
456.0,40.77585271554666,39.687,9.313130356411541,21.273884452919567,-11.960754096508026
457.0,40.77585271554666,39.687,9.31188491735896,21.273884452919567,-11.961999535560608
458.0,40.77585271554666,39.783,9.260537602047528,21.273884452919567,-12.01334685087204
459.0,40.77585271554666,39.654,9.114037133793438,21.273884452919567,-12.15984731912613
460.0,40.77585271554666,39.719,9.34344110641917,21.273884452919567,-11.930443346500397
461.0,40.77585271554666,39.654,9.128852762322033,21.273884452919567,-12.145031690597534
462.0,40.77585271554666,39.654,9.219538249115551,21.273884452919567,-12.054346203804016
463.0,40.77585271554666,39.654,9.183583237270916,21.273884452919567,-12.090301215648651
464.0,40.77585271554666,39.622,9.195268727879132,21.273884452919567,-12.078615725040436
465.0,40.77585271554666,39.719,9.227096714119519,21.273884452919567,-12.046787738800049
466.0,40.77585271554666,39.654,9.024260915855969,21.273884452919567,-12.249623537063599
467.0,40.77585271554666,39.59,9.027286447624768,21.273884452919567,-12.2465980052948
468.0,40.77585271554666,39.654,9.148698426823223,21.273884452919567,-12.125186026096344
469.0,40.77585271554666,39.558,8.945025779347027,21.273884452919567,-12.32885867357254
470.0,40.77585271554666,39.783,9.079602040390576,21.273884452919567,-12.194282412528992
471.0,40.77585271554666,39.59,8.72205016766032,21.273884452919567,-12.551834285259247
472.0,40.77585271554666,39.558,8.941739179234112,21.273884452919567,-12.332145273685455
473.0,40.77585271554666,39.622,8.911132492165173,21.273884452919567,-12.362751960754395
474.0,40.77585271554666,39.687,8.744899012188519,21.273884452919567,-12.528985440731049
475.0,40.77585271554666,39.622,8.602616764645184,21.273884452919567,-12.671267688274384
476.0,40.77585271554666,39.622,8.659210480789746,21.273884452919567,-12.614673972129822
477.0,40.77585271554666,39.622,8.47844836864909,21.273884452919567,-12.795436084270477
478.0,40.77585271554666,39.59,8.451954402069653,21.273884452919567,-12.821930050849915
479.0,40.77585271554666,39.59,8.42687753591975,21.273884452919567,-12.847006916999817
480.0,40.77585271554666,39.622,8.33795604858836,21.273884452919567,-12.935928404331207
481.0,40.77585271554666,39.687,8.188923575024212,21.273884452919567,-13.084960877895355
482.0,40.77585271554666,39.558,8.051671363453472,21.273884452919567,-13.222213089466095
483.0,40.77585271554666,39.654,8.138393439392651,21.273884452919567,-13.135491013526917
484.0,40.77585271554666,39.59,7.9122179523511775,21.273884452919567,-13.36166650056839
485.0,40.77585271554666,39.59,7.923925794701184,21.273884452919567,-13.349958658218384
486.0,40.77585271554666,39.687,7.876729644875134,21.273884452919567,-13.397154808044434
487.0,40.77585271554666,39.654,7.674402572254742,21.273884452919567,-13.599481880664825
488.0,40.77585271554666,39.622,7.6139822379156,21.273884452919567,-13.659902215003967
489.0,40.77585271554666,39.622,7.626425899605358,21.273884452919567,-13.647458553314209
490.0,40.77585271554666,39.654,7.618903197388256,21.273884452919567,-13.654981255531311
491.0,40.77585271554666,39.622,7.572402633766735,21.273884452919567,-13.701481819152832
492.0,40.77585271554666,39.59,7.563423492054547,21.273884452919567,-13.71046096086502
493.0,40.77585271554666,39.558,7.529902137856091,21.273884452919567,-13.743982315063477
494.0,40.77585271554666,39.59,7.62188760195216,21.273884452919567,-13.651996850967407
495.0,40.77585271554666,39.622,7.576309718231762,21.273884452919567,-13.697574734687805
496.0,40.77585271554666,39.558,7.560405112843121,21.273884452919567,-13.713479340076447
497.0,40.77585271554666,39.654,7.669584430794323,21.273884452919567,-13.604300022125244
498.0,40.77585271554666,39.59,7.611557520966137,21.273884452919567,-13.66232693195343
499.0,40.77585271554666,39.622,7.660032190422619,21.273884452919567,-13.613852262496948
500.0,40.77585271554666,39.558,7.689429201225842,21.273884452919567,-13.584455251693726
