scenario,ctrl,Tp,S,R,P_N,ISE,IAE,ITAE,OS,Energy,TV
const,PI,-,-,-,-,2866.3984121531757,468.16353833648446,24718.430824404768,0.9577465261557236,9798.153632148349,413.506494646794
stress,PI,-,-,-,-,44844.24169591055,3276.9086538913875,1057241.6096353948,19.527208532299742,11514.240421699249,511.0803576052029
const,NMPC/ref[7],30,0.0113,0.001,0.1513,5314.887293912651,1022.4703101123387,111192.42899557638,6.254865245142248,10370.94217674367,194.61748953866038
const,NMPC/ref[7],60,0.0113,0.001,0.1513,4671.4342809971795,972.3119597215515,110814.31966924072,4.323819901914493,10040.334097374243,121.37824161203012
const,NMPC/ref[7],90,0.0113,0.001,0.1513,6953.858377032074,1287.1601841916424,165380.9975936024,7.8177918691237425,10481.12959965307,192.94108309117703
const,NMPC/ref[7],120,0.0113,0.001,0.1513,7010.537066209417,1311.0209221703192,180062.6827279087,8.855779874096896,10727.120127441796,120.32894832430247
const,NMPC/S_alta,30,0.05,0.001,0.1513,4001.4478666585505,817.4893576451328,81438.06353997385,6.030139764135782,10271.182421165402,170.1311732113759
const,NMPC/S_alta,60,0.05,0.001,0.1513,4287.98739760642,874.2139123407915,90816.23251642514,6.551696981639594,10341.831219756474,138.6246494288816
const,NMPC/S_alta,90,0.05,0.001,0.1513,4362.372814262627,919.472129629805,104165.1065283253,6.592104799120389,10259.185004440516,127.81942829932949
const,NMPC/S_alta,120,0.05,0.001,0.1513,5825.404146989765,1309.212428658757,255000.38656058593,6.397201097355565,12070.986688097755,501.46037007813146
const,NMPC/R_baja,30,0.0113,0.0001,0.1513,5318.549842210843,1024.1559327901236,111863.63585322148,6.257909952622609,10368.964181047506,195.10877932412473
const,NMPC/R_baja,60,0.0113,0.0001,0.1513,4672.564740170638,972.5591767083034,110869.01707771479,4.3261401500784755,10041.202035913524,121.44575765099937
const,NMPC/R_baja,90,0.0113,0.0001,0.1513,6953.8760918183325,1287.1593100414027,165384.33829540756,7.817896368454318,10481.44920709805,192.94378972840727
const,NMPC/R_baja,120,0.0113,0.0001,0.1513,7010.356668607327,1310.974803150037,180047.2765051334,8.855921013112217,10727.327323083686,120.32794461822282
const,NMPC/PN_alta,30,0.0113,0.001,0.5,4667.652485855386,917.1804442325173,93105.3400085584,5.596142122659695,10283.31202807478,187.75019450604972
const,NMPC/PN_alta,60,0.0113,0.001,0.5,4541.160587919793,959.4262168898305,112110.73958851413,3.55907420991772,9966.529945165976,95.0999723942387
const,NMPC/PN_alta,90,0.0113,0.001,0.5,7188.323565571553,1334.5043173396748,177899.33062878565,7.893411802616967,10388.633555985036,190.54180342795135
const,NMPC/PN_alta,120,0.0113,0.001,0.5,7564.332869455502,1403.7825996500735,206070.47776266583,9.264927861060917,10633.912267385305,118.52557921662357
const,NMPC/balance,30,0.05,0.0005,0.5,3936.3376685143326,805.3973999023083,79031.52844918937,6.004579406203305,10261.224339432347,165.84606819673374
const,NMPC/balance,60,0.05,0.0005,0.5,4358.399752891802,886.4224982623858,92666.71088766771,6.666938558470321,10313.377174605646,134.751877259691
const,NMPC/balance,90,0.05,0.0005,0.5,4398.126578275606,935.028625838576,109143.38124360274,6.618500137370809,10276.3757476101,126.24745662702088
const,NMPC/balance,120,0.05,0.0005,0.5,6032.30893003014,1343.3007740193214,270483.9567157727,6.336989650687445,11987.484499889513,501.38780133347274
stress,NMPC/ref[7],30,0.0113,0.001,0.1513,48032.49205946114,3619.9833004024827,1131477.3475396654,21.770963321296126,12255.279605103335,261.6762191227503
stress,NMPC/ref[7],60,0.0113,0.001,0.1513,59554.41978710285,4032.9118358888973,1277090.092040781,24.688241408185394,12964.579967424143,247.1876250985791
stress,NMPC/ref[7],90,0.0113,0.001,0.1513,68998.87095041414,4356.379935191253,1401821.8893340097,26.59168647420005,13252.71020083331,238.92605514998323
stress,NMPC/ref[7],120,0.0113,0.001,0.1513,59842.72646282295,4148.817910812657,1331207.576262554,24.886221280475137,12701.061122082812,232.2924810330991
stress,NMPC/S_alta,30,0.05,0.001,0.1513,43111.73335289988,3493.1416920993747,1083156.3394504199,20.303507292425234,11604.298984279181,340.0900334138043
stress,NMPC/S_alta,60,0.05,0.001,0.1513,44008.97833775872,3522.9798867006343,1103391.4651636682,20.481724393111694,11985.668316208088,282.13731722900064
stress,NMPC/S_alta,90,0.05,0.001,0.1513,44089.248523847666,3904.0824946275593,1235761.1330538301,20.007268436611792,13316.326518497297,513.8767788156844
stress,NMPC/S_alta,120,0.05,0.001,0.1513,42363.57232472668,3878.2871416645607,1199783.997752282,19.435742306055317,12953.189922076997,538.0218296679395
stress,NMPC/R_baja,30,0.0113,0.0001,0.1513,48048.85847104914,3620.7515607250443,1131751.3616541459,21.775119532634125,12257.671689623465,261.7507610339014
stress,NMPC/R_baja,60,0.0113,0.0001,0.1513,59551.65612084585,4032.8295068385128,1277024.7119956454,24.687848573786386,12965.399320816854,247.2101041639047
stress,NMPC/R_baja,90,0.0113,0.0001,0.1513,68954.48504630192,4354.763393320619,1401295.7088492485,26.582939113101617,13250.307791503505,238.91503709654447
stress,NMPC/R_baja,120,0.0113,0.0001,0.1513,59840.341162425575,4148.740489058199,1331172.0987374259,24.885792604458242,12701.32623140241,232.3012899976582
stress,NMPC/PN_alta,30,0.0113,0.001,0.5,48972.791978796035,3655.132269854559,1142592.057051012,22.059257678737975,12255.122936118574,268.06816039785855
stress,NMPC/PN_alta,60,0.0113,0.001,0.5,65873.81650084522,4223.560135336032,1333875.9857750575,24.04933942958665,11827.77037115662,186.75221173126423
stress,NMPC/PN_alta,90,0.0113,0.001,0.5,64680.11025622415,4255.566777961306,1366560.8737415476,26.044962074146508,12990.490592446584,235.0399629285956
stress,NMPC/PN_alta,120,0.0113,0.001,0.5,54420.505161391244,4013.0778603899803,1289408.1299017633,23.53041641595439,12214.919497428731,235.27854623529421
stress,NMPC/balance,30,0.05,0.0005,0.5,43170.37276272729,3486.3074103368454,1084227.7124547933,20.286701216834995,11572.304736978025,329.40522490098033
stress,NMPC/balance,60,0.05,0.0005,0.5,43700.75122065208,3510.027151446815,1100919.9484676078,20.362434444682965,11928.89023279925,277.5363368696747
stress,NMPC/balance,90,0.05,0.0005,0.5,43809.5493868237,3903.0187701850023,1234384.7881205173,19.916648126103116,13149.671494134682,513.8779390632506
stress,NMPC/balance,120,0.05,0.0005,0.5,42427.02682619629,3876.971555895468,1194648.1773705534,19.46748798209423,12928.706235293814,513.6195141780627
