Time(s),Reference(C),Temperature(C),Control_Effort(%),Base_NMPC(%),Residual_SAC(%)
0.0,35.0,30.18,51.837579293298205,37.04962400917955,14.787955284118652
1.01,35.0,30.212,51.89233927254625,37.04962400917955,14.8427152633667
2.01,35.0,30.244,51.81030838017412,37.04962400917955,14.760684370994568
3.0,35.0,30.212,51.14607183461138,37.04962400917955,14.096447825431824
4.01,35.0,30.244,49.46019439225145,37.04962400917955,12.4105703830719
5.01,35.0,30.18,55.76293501153417,43.43785557046361,12.325079441070557
6.01,35.0,30.244,56.6417804647965,43.43785557046361,13.203924894332886
7.01,35.0,30.309,56.89605387940831,43.43785557046361,13.458198308944702
8.01,35.0,30.244,56.285003750471546,43.43785557046361,12.847148180007936
9.0,35.0,30.276,56.24777111306615,43.43785557046361,12.80991554260254
10.01,35.0,30.341,62.69336846846385,48.9616670944099,13.731701374053957
11.01,35.0,30.405,62.76119974631114,48.9616670944099,13.799532651901243
12.02,35.0,30.438,62.659511838138535,48.9616670944099,13.697844743728638
13.01,35.0,30.502,62.75949028509898,48.9616670944099,13.797823190689089
14.01,35.0,30.438,62.72105601805492,48.9616670944099,13.75938892364502
15.0,35.0,30.599,67.52667082957433,53.503688709060405,14.022982120513916
16.01,35.0,30.599,66.52083172015355,53.503688709060405,13.01714301109314
17.01,35.0,30.76,66.29097356013463,53.503688709060405,12.78728485107422
18.0,35.0,30.792,65.21064056567357,53.503688709060405,11.70695185661316
19.01,35.0,30.856,65.42704834155248,53.503688709060405,11.923359632492064
20.01,35.0,30.985,66.41196979693578,53.503688709060405,12.908281087875366
21.01,35.0,31.05,65.51879955939458,53.503688709060405,12.015110850334167
22.01,35.0,31.179,63.31547035388157,53.503688709060405,9.811781644821169
23.01,35.0,31.275,63.4532429140012,53.503688709060405,9.949554204940796
24.0,35.0,31.372,63.35696949175999,53.503688709060405,9.853280782699583
25.01,35.0,31.437,64.46197880915807,53.503688709060405,10.958290100097656
26.01,35.0,31.598,64.27537931613134,53.503688709060405,10.771690607070925
27.01,35.0,31.727,63.28074468783543,53.503688709060405,9.777055978775024
28.0,35.0,31.823,61.887446181098674,53.503688709060405,8.383757472038269
29.0,35.0,31.952,61.464374200622295,53.503688709060405,7.96068549156189
30.0,35.0,32.049,61.32017864398167,53.503688709060405,7.816489934921265
31.01,35.0,32.178,59.18973578623936,53.503688709060405,5.686047077178955
32.01,35.0,32.403,58.94488765410588,53.503688709060405,5.441198945045471
33.01,35.0,32.5,58.60812915972874,53.503688709060405,5.104440450668335
34.02,35.0,32.597,58.71110274008915,53.503688709060405,5.207414031028748
35.0,35.0,32.822,58.904071585456585,53.503688709060405,5.400382876396179
36.01,35.0,32.919,57.885062829772686,53.503688709060405,4.38137412071228
37.01,35.0,33.08,57.71938277892277,53.503688709060405,4.215694069862366
38.01,35.0,33.112,57.2640134256284,53.503688709060405,3.760324716567993
39.01,35.0,33.338,57.43218971900151,53.503688709060405,3.928501009941101
40.01,35.0,33.563,55.828461024917374,52.06385013834358,3.764610886573792
41.01,35.0,33.66,53.81080147997261,52.06385013834358,1.7469513416290283
42.01,35.0,33.757,53.590057466186295,52.06385013834358,1.5262073278427124
43.01,35.0,33.95,53.49388239160896,52.06385013834358,1.4300322532653809
44.0,35.0,34.144,53.46119699255348,52.06385013834358,1.3973468542099
45.01,35.0,34.272,50.462078108029615,49.430371774869215,1.0317063331604004
46.0,35.0,34.466,49.74862123890425,49.430371774869215,0.3182494640350342
47.01,35.0,34.627,49.61995567245985,49.430371774869215,0.1895838975906372
48.02,35.0,34.691,48.57620532675291,49.430371774869215,-0.8541664481163025
49.0,35.0,34.917,48.709232165055525,49.430371774869215,-0.7211396098136902
50.0,35.0,35.11,44.018619868464114,45.82958481044257,-1.8109649419784544
51.01,35.0,35.271,42.948731395907046,45.82958481044257,-2.8808534145355225
52.01,35.0,35.304,43.14206949204886,45.82958481044257,-2.6875153183937077
53.01,35.0,35.497,43.55409524173224,45.82958481044257,-2.275489568710327
54.02,35.0,35.69,43.38875583142722,45.82958481044257,-2.4408289790153503
55.0,35.0,35.98,38.93199237373941,42.22890826252573,-3.296915888786316
56.01,35.0,35.98,38.25246902493112,42.22890826252573,-3.976439237594605
57.01,35.0,36.109,38.89393540409677,42.22890826252573,-3.334972858428955
58.0,35.0,36.303,38.27415289667719,42.22890826252573,-3.954755365848541
59.01,35.0,36.464,38.668524346624544,42.22890826252573,-3.560383915901184
60.01,35.0,36.625,35.08340615709624,38.77789337118468,-3.69448721408844
61.01,35.0,36.689,35.71683306177459,38.77789337118468,-3.061060309410095
62.01,35.0,36.851,36.00025314768157,38.77789337118468,-2.777640223503113
63.02,35.0,36.979,36.17939967592559,38.77789337118468,-2.5984936952590942
64.0,35.0,37.076,36.85504723270736,38.77789337118468,-1.9228461384773252
65.0,35.0,37.27,34.3889235831231,35.52433484563531,-1.135411262512207
66.01,35.0,37.366,35.8127813912362,35.52433484563531,0.2884465456008911
67.0,35.0,37.431,38.01547938356103,35.52433484563531,2.49114453792572
68.01,35.0,37.624,40.04997783670129,35.52433484563531,4.525642991065979
69.01,35.0,37.753,41.04647928247155,35.52433484563531,5.522144436836243
70.0,35.0,37.817,38.29416455710506,32.48210551226711,5.812059044837952
71.01,35.0,38.075,36.870383638983725,32.48210551226711,4.388278126716614
72.01,35.0,38.107,35.11951984847164,32.48210551226711,2.637414336204529
73.01,35.0,38.301,33.60056163752651,32.48210551226711,1.1184561252593994
74.02,35.0,38.236,33.52178694689846,32.48210551226711,1.0396814346313477
75.0,35.0,38.397,31.897698756177817,29.646118398626243,2.2515803575515747
76.0,35.0,38.559,32.3719991406993,29.646118398626243,2.725880742073059
77.0,35.0,38.623,32.05350827785293,29.646118398626243,2.407389879226685
78.01,35.0,38.752,32.01003145786086,29.646118398626243,2.363913059234619
79.01,35.0,38.849,32.009359117467795,29.646118398626243,2.3632407188415527
80.01,35.0,38.945,29.019245069268862,27.019366781953497,1.9998782873153689
81.01,35.0,38.978,29.511328499559088,27.019366781953497,2.491961717605591
82.0,35.0,39.139,29.858349125627203,27.019366781953497,2.838982343673706
83.02,35.0,39.203,30.598933856729197,27.019366781953497,3.579567074775696
84.0,35.0,39.3,30.60416774058692,27.019366781953497,3.584800958633423
85.01,35.0,39.364,28.2445387924846,24.60164833914597,3.642890453338623
86.01,35.0,39.622,27.94869292628129,24.60164833914597,3.347044587135315
87.01,35.0,39.59,28.373671063297586,24.60164833914597,3.7720227241516113
88.01,35.0,39.654,28.424810060375528,24.60164833914597,3.823161721229553
89.01,35.0,39.719,29.8771493519481,24.60164833914597,5.275501012802124
90.01,35.0,39.88,27.209512452282787,22.3756443063401,4.833868145942688
91.01,35.0,39.944,27.529276470341564,22.3756443063401,5.153632164001465
92.01,35.0,40.041,27.503455738224865,22.3756443063401,5.127811431884766
93.01,35.0,40.202,27.740768651165844,22.3756443063401,5.365124344825745
94.01,35.0,40.202,27.583517889180065,22.3756443063401,5.207873582839966
95.01,35.0,40.331,25.3576695889714,20.328320261884,5.029349327087402
96.01,35.0,40.267,25.09961604778793,20.328320261884,4.771295785903931
97.01,35.0,40.428,24.920893308568264,20.328320261884,4.592573046684265
98.01,35.0,40.492,25.19354343121078,20.328320261884,4.865223169326782
99.01,35.0,40.524,25.05551337902572,20.328320261884,4.727193117141724
100.01,35.0,40.686,23.34821781127829,18.47172578781027,4.876492023468018
101.0,35.0,40.621,22.511888947180694,18.47172578781027,4.040163159370422
102.0,35.0,40.75,23.06451519935507,18.47172578781027,4.5927894115448
103.01,35.0,40.782,22.228168453864043,18.47172578781027,3.756442666053772
104.01,35.0,40.847,22.464040126494357,18.47172578781027,3.992314338684082
105.01,35.0,40.911,20.41262702479056,16.772214932581694,3.6404120922088623
106.01,35.0,40.943,20.58125035299948,16.772214932581694,3.8090354204177856
107.02,35.0,41.008,20.8556242419689,16.772214932581694,4.083409309387207
108.01,35.0,41.137,20.9947057200878,16.772214932581694,4.222490787506104
109.01,35.0,41.072,20.719502134463102,16.772214932581694,3.9472872018814087
110.01,35.0,41.137,19.420083358045723,15.225516154523994,4.1945672035217285
111.01,35.0,41.233,19.44469709610572,15.225516154523994,4.219180941581726
112.02,35.0,41.298,18.974462940450813,15.225516154523994,3.748946785926819
113.01,35.0,41.233,18.90449841236701,15.225516154523994,3.6789822578430176
114.0,35.0,41.298,19.24264986729255,15.225516154523994,4.017133712768555
115.0,35.0,41.298,17.7074550098934,13.809005469755157,3.8984495401382446
116.01,35.0,41.395,17.764021009878142,13.809005469755157,3.955015540122986
117.01,35.0,41.459,17.7286051220455,13.809005469755157,3.919599652290344
118.0,35.0,41.491,17.543850988821013,13.809005469755157,3.734845519065857
119.0,35.0,41.459,17.57693871922873,13.809005469755157,3.767933249473572
120.01,35.0,41.523,16.38885917461561,12.520273349649182,3.868585824966431
121.02,35.0,41.556,16.38246657646345,12.520273349649182,3.86219322681427
122.01,35.0,41.556,16.27675893104719,12.520273349649182,3.75648558139801
123.0,35.0,41.588,16.346176288491954,12.520273349649182,3.825902938842773
124.01,35.0,41.588,16.427745840913524,12.520273349649182,3.9074724912643433
125.01,35.0,41.749,15.425322905357126,11.346641436393504,4.078681468963623
126.01,35.0,41.717,14.987842098052743,11.346641436393504,3.6412006616592407
127.01,35.0,41.717,15.16010786610389,11.346641436393504,3.813466429710388
128.0,35.0,41.749,15.433076277549509,11.346641436393504,4.086434841156006
129.02,35.0,41.846,15.339949980552438,11.346641436393504,3.993308544158936
130.02,35.0,41.781,13.935988287116231,10.27781460681075,3.658173680305481
131.01,35.0,41.781,14.262668828154744,10.27781460681075,3.984854221343994
132.02,35.0,41.781,14.489437083388507,10.27781460681075,4.211622476577759
133.0,35.0,41.813,14.612393120909871,10.27781460681075,4.334578514099121
134.01,35.0,41.846,14.70556769766921,10.27781460681075,4.42775309085846
135.02,35.0,41.942,13.755769884864437,9.307487166205988,4.448282718658447
136.01,35.0,41.846,13.501753962318048,9.307487166205988,4.1942667961120605
137.0,35.0,41.846,13.888952291289913,9.307487166205988,4.581465125083923
138.0,35.0,41.91,14.221673167029962,9.307487166205988,4.914186000823975
139.01,35.0,41.846,14.13517371443902,9.307487166205988,4.827686548233032
140.01,35.0,41.813,13.477475518311724,8.424208039368853,5.053267478942871
141.01,35.0,41.846,13.70054411324428,8.424208039368853,5.276336073875427
142.01,35.0,41.91,13.84821760090755,8.424208039368853,5.424009561538696
143.0,35.0,41.813,13.79642235669063,8.424208039368853,5.372214317321777
144.01,35.0,41.846,14.173671478356583,8.424208039368853,5.749463438987732
145.01,35.0,41.878,13.414887369710907,7.6231594692058415,5.791727900505066
146.01,35.0,41.91,13.353802741605744,7.6231594692058415,5.730643272399902
147.01,35.0,41.878,13.39926976068686,7.6231594692058415,5.776110291481018
148.0,35.0,41.813,13.644074977476103,7.6231594692058415,6.020915508270264
149.0,35.0,41.846,13.87406188352774,7.6231594692058415,6.250902414321899
150.01,48.0,41.846,22.22422427589579,15.939000315019324,6.285223960876465
151.02,48.0,41.846,14.091804987737373,15.939000315019324,-1.847195327281952
152.0,48.0,41.91,17.764967746087745,15.939000315019324,1.8259674310684204
153.0,48.0,41.846,18.531920379945472,15.939000315019324,2.5929200649261475
154.0,48.0,41.813,18.451260990449622,15.939000315019324,2.512260675430298
155.0,48.0,41.878,24.50992515308524,23.64109328014517,0.8688318729400635
156.0,48.0,41.813,26.633022334405428,23.64109328014517,2.991929054260254
157.0,48.0,41.717,25.68455388767386,23.64109328014517,2.0434606075286865
158.01,48.0,41.813,24.69269802791739,23.64109328014517,1.0516047477722168
159.02,48.0,41.813,25.906891133615023,23.64109328014517,2.2657978534698486
160.01,48.0,41.781,33.65619196363345,30.749288935145284,2.906903028488159
161.01,48.0,41.813,32.52164794870272,30.749288935145284,1.772359013557434
162.01,48.0,41.813,32.14315070577517,30.749288935145284,1.3938617706298828
163.02,48.0,41.781,32.32678904004946,30.749288935145284,1.5775001049041748
164.0,48.0,41.781,31.98409213491335,30.749288935145284,1.2348031997680664
165.01,48.0,41.813,38.60704154898236,37.29179711271832,1.315244436264038
166.0,48.0,41.781,38.10862989355633,37.29179711271832,0.8168327808380127
167.01,48.0,41.781,37.81209738184521,37.29179711271832,0.5203002691268921
168.01,48.0,41.685,36.48162962128232,37.29179711271832,-0.8101674914360046
169.01,48.0,41.749,37.04524577786038,37.29179711271832,-0.2465513348579406
170.0,48.0,41.813,42.03307642948774,43.314272904516734,-1.2811964750289917
171.01,48.0,41.781,42.185143375517406,43.314272904516734,-1.1291295289993286
172.0,48.0,41.813,43.01927819264082,43.314272904516734,-0.2949947118759155
173.0,48.0,41.846,42.748231136919536,43.314272904516734,-0.5660417675971985
174.0,48.0,41.813,42.79138609182981,43.314272904516734,-0.5228868126869202
175.0,48.0,41.813,46.64628125093896,48.862954446301046,-2.216673195362091
176.01,48.0,41.878,45.539737709984365,48.862954446301046,-3.323216736316681
177.01,48.0,41.846,46.27159185074288,48.862954446301046,-2.5913625955581665
178.0,48.0,41.975,45.81182278059441,48.862954446301046,-3.0511316657066345
179.01,48.0,42.007,44.70041460655648,48.862954446301046,-4.162539839744568
180.01,48.0,41.91,49.72600424861672,53.96592134809258,-4.239917099475861
181.01,48.0,41.942,50.31409913873436,53.96592134809258,-3.6518222093582153
182.0,48.0,42.104,48.8255607542968,53.96592134809258,-5.140360593795776
183.02,48.0,42.071,48.9422189650512,53.96592134809258,-5.023702383041382
184.0,48.0,42.071,49.22201628064873,53.96592134809258,-4.743905067443848
185.01,48.0,42.136,53.701799190643534,58.67727277338813,-4.975473582744598
186.0,48.0,42.2,53.14483670056175,58.67727277338813,-5.5324360728263855
187.01,48.0,42.168,52.51447734892677,58.67727277338813,-6.162795424461365
188.02,48.0,42.265,52.47022447645973,58.67727277338813,-6.207048296928406
189.0,48.0,42.297,51.89323661387275,58.67727277338813,-6.784036159515381
190.01,48.0,42.49,56.87294352314578,63.0275778796445,-6.154634356498718
191.0,48.0,42.49,55.17563361189471,63.0275778796445,-7.851944267749786
192.01,48.0,42.522,54.13458425066577,63.0275778796445,-8.89299362897873
193.01,48.0,42.651,54.08513236305819,63.0275778796445,-8.942445516586304
194.0,48.0,42.587,52.884055259443386,63.0275778796445,-10.14352262020111
195.01,48.0,42.651,57.1387440353498,67.04741332827659,-9.908669292926788
196.01,48.0,42.748,56.86140362320991,67.04741332827659,-10.18600970506668
197.0,48.0,42.78,56.252678969489054,67.04741332827659,-10.794734358787537
198.01,48.0,42.845,55.91878239213081,67.04741332827659,-11.128630936145782
199.01,48.0,42.845,55.56847069560142,67.04741332827659,-11.478942632675173
200.0,48.0,42.974,58.68121058618259,70.80213905250262,-12.120928466320038
201.01,48.0,42.974,58.15047920619678,70.80213905250262,-12.651659846305847
202.01,48.0,43.167,58.1614521232767,70.80213905250262,-12.640686929225922
203.0,48.0,43.167,57.299283751599305,70.80213905250262,-13.50285530090332
204.01,48.0,43.328,57.04002858077716,70.80213905250262,-13.762110471725464
205.0,48.0,43.328,60.414527329175215,74.37337336179469,-13.958846032619476
206.0,48.0,43.457,60.238708528249006,74.37337336179469,-14.134664833545685
207.0,48.0,43.586,60.112990709511976,74.37337336179469,-14.260382652282717
208.0,48.0,43.65,60.00235674020503,74.37337336179469,-14.37101662158966
209.01,48.0,43.618,59.93385133382533,74.37337336179469,-14.43952202796936
210.0,48.0,43.747,63.37363255143626,77.93615174413188,-14.562519192695618
211.0,48.0,43.94,63.34632498145564,77.93615174413188,-14.58982676267624
212.01,48.0,43.973,63.2522616994427,77.93615174413188,-14.683890044689178
213.0,48.0,44.005,63.24337643504603,77.93615174413188,-14.692775309085846
214.0,48.0,44.102,63.31389439225657,77.93615174413188,-14.622257351875303
215.01,48.0,44.134,63.2465226662205,77.93615174413188,-14.689629077911375
216.0,48.0,44.359,63.24715834975703,77.93615174413188,-14.688993394374847
217.01,48.0,44.424,63.23270124316676,77.93615174413188,-14.703450500965118
218.01,48.0,44.488,63.19237154841883,77.93615174413188,-14.743780195713043
219.01,48.0,44.714,63.17940306783183,77.93615174413188,-14.756748676300049
220.01,48.0,44.746,63.15198373914225,77.93615174413188,-14.784168004989624
221.01,48.0,44.811,63.15451127410395,77.93615174413188,-14.781640470027924
222.01,48.0,45.004,63.13367140412791,77.93615174413188,-14.802480340003967
223.01,48.0,44.972,63.11583650231822,77.93615174413188,-14.82031524181366
224.01,48.0,45.068,63.13769382358058,77.93615174413188,-14.7984579205513
225.02,48.0,45.262,63.12899541974528,77.93615174413188,-14.807156324386597
226.0,48.0,45.358,63.101833583121135,77.93615174413188,-14.834318161010742
227.01,48.0,45.358,63.086259783511,77.93615174413188,-14.84989196062088
228.01,48.0,45.487,63.08895003915293,77.93615174413188,-14.847201704978945
229.0,48.0,45.616,63.0665026319073,77.93615174413188,-14.86964911222458
230.02,48.0,45.681,63.04588270307048,77.93615174413188,-14.8902690410614
231.01,48.0,45.777,63.03424459815486,77.93615174413188,-14.90190714597702
232.0,48.0,46.003,63.0215738427685,77.93615174413188,-14.914577901363373
233.0,48.0,46.035,63.000128687624766,77.93615174413188,-14.93602305650711
234.01,48.0,46.132,62.99084824443324,77.93615174413188,-14.94530349969864
235.02,48.0,46.261,62.98282307506068,77.93615174413188,-14.953328669071198
236.0,48.0,46.357,62.97364992022975,77.93615174413188,-14.96250182390213
237.01,48.0,46.454,62.96536457658274,77.93615174413188,-14.970787167549132
238.0,48.0,46.712,62.95875024915202,77.93615174413188,-14.977401494979858
239.01,48.0,46.712,62.94972372174723,77.93615174413188,-14.986428022384644
240.01,48.0,46.938,60.54466838726178,75.53343529590741,-14.98876690864563
241.01,48.0,47.002,60.541442583886536,75.53343529590741,-14.991992712020874
242.01,48.0,47.002,60.53995038160458,75.53343529590741,-14.993484914302826
243.01,48.0,47.26,60.539666067449005,75.53343529590741,-14.993769228458405
244.01,48.0,47.324,60.53772951254025,75.53343529590741,-14.995705783367155
245.0,48.0,47.389,57.5094628726187,72.50600908147719,-14.99654620885849
246.0,48.0,47.55,57.50904534208205,72.50600908147719,-14.996963739395142
247.01,48.0,47.646,57.508408764475845,72.50600908147719,-14.997600317001345
248.0,48.0,47.84,57.50796977626708,72.50600908147719,-14.998039305210114
249.0,48.0,47.904,57.507433334464096,72.50600908147719,-14.998575747013092
250.0,48.0,48.001,53.60053980053212,68.59933727682377,-14.998797476291656
251.01,48.0,48.033,53.60031717718388,68.59933727682377,-14.999020099639893
252.01,48.0,48.227,53.60023581684376,68.59933727682377,-14.999101459980013
253.01,48.0,48.355,53.599951502688185,68.59933727682377,-14.99938577413559
254.01,48.0,48.355,53.59979235828664,68.59933727682377,-14.99954491853714
255.01,48.0,48.517,49.07460272220492,64.07415836957811,-14.9995556473732
256.0,48.0,48.678,49.07448917535662,64.07415836957811,-14.999669194221497
257.01,48.0,48.678,49.07439440397143,64.07415836957811,-14.99976396560669
258.01,48.0,48.774,49.07438546327471,64.07415836957811,-14.999772906303406
259.0,48.0,48.871,49.07435327676653,64.07415836957811,-14.999805092811584
260.01,48.0,48.968,44.1235698195894,59.12341514553621,-14.999845325946808
261.0,48.0,49.032,44.12353763308122,59.12341514553621,-14.999877512454988
262.01,48.0,49.29,44.12351975168779,59.12341514553621,-14.99989539384842
263.01,48.0,49.258,44.123469683786176,59.12341514553621,-14.99994546175003
264.01,48.0,49.387,44.123469683786176,59.12341514553621,-14.99994546175003
265.01,48.0,49.516,39.28072417520207,54.28068394206685,-14.999959766864777
266.01,48.0,49.483,39.280712552296336,54.28068394206685,-14.999971389770508
267.01,48.0,49.645,39.28071523450535,54.28068394206685,-14.999968707561491
268.01,48.0,49.645,39.28070539973896,54.28068394206685,-14.99997854232788
269.0,48.0,49.773,39.28070629380864,54.28068394206685,-14.99997764825821
270.0,48.0,49.87,34.71763724650514,49.71762115325105,-14.99998390674591
271.01,48.0,49.967,34.717633670226455,49.71762115325105,-14.999987483024595
272.01,48.0,50.063,34.71763098801744,49.71762115325105,-14.999990165233612
273.0,48.0,50.063,34.71763098801744,49.71762115325105,-14.999990165233612
274.01,48.0,50.16,34.71763098801744,49.71762115325105,-14.999990165233612
275.01,48.0,50.289,30.44490733701161,45.444896608175554,-14.99998927116394
276.01,48.0,50.321,30.44490733701161,45.444896608175554,-14.99998927116394
277.02,48.0,50.418,30.44490823108129,45.444896608175554,-14.999988377094269
278.02,48.0,50.418,30.44490823108129,45.444896608175554,-14.999988377094269
279.01,48.0,50.515,30.44490912515096,45.444896608175554,-14.999987483024595
280.02,48.0,50.547,26.45660699703956,41.45659448006416,-14.999987483024595
281.0,48.0,50.515,26.45660789110923,41.45659448006416,-14.999986588954926
282.0,48.0,50.644,26.4566087851789,41.45659448006416,-14.999985694885254
283.0,48.0,50.676,26.4566087851789,41.45659448006416,-14.999985694885254
284.01,48.0,50.74,26.45660967924857,41.45659448006416,-14.999984800815582
285.0,48.0,50.837,22.756578917720702,37.756563718536285,-14.999984800815582
286.01,48.0,50.772,22.75657981179037,37.756563718536285,-14.99998390674591
287.01,48.0,50.901,22.75658070586005,37.756563718536285,-14.99998301267624
288.01,48.0,50.837,22.75658159992972,37.756563718536285,-14.999982118606567
289.01,48.0,50.934,22.75658249399939,37.756563718536285,-14.999981224536896
290.0,48.0,50.966,19.33847903108513,34.33845936155235,-14.999980330467224
291.01,48.0,50.966,19.3384799251548,34.33845936155235,-14.999979436397552
292.01,48.0,51.095,19.338481713294144,34.33845936155235,-14.99997764825821
293.01,48.0,50.998,19.338481713294144,34.33845936155235,-14.99997764825821
294.0,48.0,51.063,19.338483501433487,34.33845936155235,-14.999975860118866
295.01,48.0,50.998,16.184778005216433,31.18475207719596,-14.999974071979524
296.0,48.0,51.063,16.184779793355776,31.18475207719596,-14.99997228384018
297.01,48.0,51.063,16.18478158149512,31.18475207719596,-14.999970495700836
298.01,48.0,51.03,16.184783369634463,31.18475207719596,-14.999968707561491
299.01,48.0,51.095,16.184786051843478,31.18475207719596,-14.999966025352478
300.01,28.0,51.095,0.0,6.58021741443119e-13,-14.999964237213137
301.0,28.0,51.063,0.0,6.58021741443119e-13,-14.996963739395142
302.0,28.0,51.03,0.0,6.58021741443119e-13,-14.996636509895325
303.0,28.0,51.03,0.0,6.58021741443119e-13,-14.995600283145905
304.0,28.0,51.03,0.0,6.58021741443119e-13,-14.994234144687653
305.0,28.0,50.934,0.0,6.58021741443119e-13,-14.99245136976242
306.0,28.0,50.901,0.0,6.58021741443119e-13,-14.990147352218628
307.01,28.0,50.934,0.0,6.58021741443119e-13,-14.987759292125702
308.01,28.0,50.934,0.0,6.58021741443119e-13,-14.985051155090332
309.0,28.0,50.966,0.0,6.58021741443119e-13,-14.981642067432404
310.0,28.0,50.837,0.0,6.58021741443119e-13,-14.977677762508392
311.0,28.0,50.805,0.0,6.58021741443119e-13,-14.972014725208282
312.01,28.0,50.869,0.0,6.58021741443119e-13,-14.965663254261017
313.0,28.0,50.772,0.0,6.58021741443119e-13,-14.958719909191132
314.01,28.0,50.676,0.0,6.58021741443119e-13,-14.94905948638916
315.0,28.0,50.708,0.0,6.58021741443119e-13,-14.938438832759855
316.01,28.0,50.547,0.0,6.58021741443119e-13,-14.928739964962006
317.0,28.0,50.611,0.0,6.58021741443119e-13,-14.913521111011503
318.0,28.0,50.579,0.0,6.58021741443119e-13,-14.900756478309631
319.0,28.0,50.418,0.0,6.58021741443119e-13,-14.883195161819458
320.0,28.0,50.386,0.0,6.58021741443119e-13,-14.858289957046509
321.01,28.0,50.289,0.0,6.58021741443119e-13,-14.833500981330872
322.01,28.0,50.225,0.0,6.58021741443119e-13,-14.801007807254791
323.0,28.0,50.128,0.0,6.58021741443119e-13,-14.764289259910583
324.0,28.0,50.063,0.0,6.58021741443119e-13,-14.7184556722641
325.01,28.0,49.999,0.0,6.58021741443119e-13,-14.66645210981369
326.01,28.0,49.935,0.0,6.58021741443119e-13,-14.602636992931366
327.0,28.0,49.838,0.0,6.58021741443119e-13,-14.550324976444244
328.0,28.0,49.806,0.0,6.58021741443119e-13,-14.478464126586914
329.0,28.0,49.773,0.0,6.58021741443119e-13,-14.439337849617004
330.0,28.0,49.516,0.0,6.58021741443119e-13,-14.388567209243774
331.01,28.0,49.516,0.0,6.58021741443119e-13,-14.157703220844269
332.0,28.0,49.516,0.0,6.58021741443119e-13,-14.152158200740814
333.0,28.0,49.322,0.0,6.58021741443119e-13,-14.101649522781372
334.01,28.0,49.29,0.0,6.58021741443119e-13,-13.831053078174593
335.0,28.0,49.193,0.0,6.58021741443119e-13,-13.687639832496645
336.0,28.0,49.161,0.0,6.58021741443119e-13,-13.457496464252472
337.0,28.0,49.032,0.0,6.58021741443119e-13,-13.291583955287932
338.0,28.0,48.903,0.0,6.58021741443119e-13,-12.897113263607023
339.0,28.0,48.871,0.0,6.58021741443119e-13,-12.509264051914217
340.01,28.0,48.774,0.0,6.58021741443119e-13,-12.389903962612152
341.01,28.0,48.646,0.0,6.58021741443119e-13,-12.05348253250122
342.01,28.0,48.549,0.0,6.58021741443119e-13,-11.544117629528046
343.0,28.0,48.355,0.0,6.58021741443119e-13,-11.13261580467224
344.0,28.0,48.291,0.0,6.58021741443119e-13,-10.418287217617037
345.0,28.0,48.355,0.0,6.58021741443119e-13,-10.275416672229769
346.01,28.0,48.194,0.0,6.58021741443119e-13,-10.50584614276886
347.01,28.0,48.033,0.0,6.58021741443119e-13,-10.000515282154083
348.0,28.0,47.969,0.0,6.58021741443119e-13,-9.456171691417694
349.01,28.0,47.969,0.0,6.58021741443119e-13,-9.238934218883514
350.0,28.0,47.872,0.0,6.58021741443119e-13,-9.155204594135284
351.0,28.0,47.743,0.0,6.58021741443119e-13,-8.724133372306824
352.0,28.0,47.646,0.0,6.58021741443119e-13,-8.256266713142395
353.01,28.0,47.55,0.0,6.58021741443119e-13,-7.878794074058533
354.0,28.0,47.421,0.0,6.58021741443119e-13,-7.314391136169434
355.01,28.0,47.324,0.0,6.58021741443119e-13,-6.606224477291107
356.01,28.0,47.228,0.0,6.58021741443119e-13,-6.158466339111328
357.0,28.0,47.163,0.0,6.58021741443119e-13,-5.776918530464172
358.01,28.0,47.034,0.0,6.58021741443119e-13,-5.147298574447632
359.01,28.0,46.97,0.0,6.58021741443119e-13,-4.2034488916397095
360.0,28.0,46.905,0.0,6.58021741443119e-13,-3.847677111625672
361.0,28.0,46.712,0.0,6.58021741443119e-13,-3.6376431584358215
362.01,28.0,46.647,0.0,6.58021741443119e-13,-2.6126235723495483
363.0,28.0,46.583,0.0,6.58021741443119e-13,-2.14383602142334
364.0,28.0,46.454,0.0,6.58021741443119e-13,-1.9714200496673584
365.02,28.0,46.422,0.0,6.58021741443119e-13,-1.2603718042373655
366.01,28.0,46.325,0.0,6.58021741443119e-13,-0.93205064535141
367.01,28.0,46.229,0.0,6.58021741443119e-13,-0.3538906574249267
368.0,28.0,46.132,0.5742824077612781,6.58021741443119e-13,0.5742824077606201
369.0,28.0,46.067,1.965186595917406,6.58021741443119e-13,1.965186595916748
370.01,28.0,45.971,2.54035949707097,6.58021741443119e-13,2.5403594970703125
371.01,28.0,45.777,3.373909592629137,6.58021741443119e-13,3.373909592628479
372.01,28.0,45.745,4.763803482056322,6.58021741443119e-13,4.763803482055664
373.01,28.0,45.681,4.951776266098681,6.58021741443119e-13,4.951776266098023
374.0,28.0,45.584,5.692348480225268,6.58021741443119e-13,5.692348480224609
375.01,28.0,45.584,6.79534077644414,6.58021741443119e-13,6.7953407764434814
376.0,28.0,45.423,7.116764187813463,6.58021741443119e-13,7.116764187812805
377.0,28.0,45.358,7.474175691605272,6.58021741443119e-13,7.474175691604614
378.01,28.0,45.262,8.229389190674485,6.58021741443119e-13,8.229389190673828
379.01,28.0,45.133,9.302394390106858,6.58021741443119e-13,9.3023943901062
380.01,28.0,45.036,10.490330457688035,6.58021741443119e-13,10.490330457687378
381.0,28.0,44.972,11.10624790191716,6.58021741443119e-13,11.106247901916504
382.0,28.0,45.004,11.45483851432866,6.58021741443119e-13,11.454838514328005
383.01,28.0,44.746,11.531349420548144,6.58021741443119e-13,11.531349420547484
384.01,28.0,44.778,12.179478406906783,6.58021741443119e-13,12.179478406906128
385.01,28.0,44.746,12.38240540027684,6.58021741443119e-13,12.382405400276184
386.01,28.0,44.553,12.623092532158555,6.58021741443119e-13,12.623092532157898
387.01,28.0,44.585,12.788291573525132,6.58021741443119e-13,12.788291573524477
388.01,28.0,44.424,12.601416707039537,6.58021741443119e-13,12.60141670703888
389.01,28.0,44.456,12.588971257210437,6.58021741443119e-13,12.588971257209778
390.01,28.0,44.327,12.493586540222823,6.58021741443119e-13,12.493586540222168
391.01,28.0,44.263,12.537526488304795,6.58021741443119e-13,12.537526488304138
392.0,28.0,44.166,12.706705927849471,6.58021741443119e-13,12.706705927848816
393.01,28.0,44.134,12.850531339646045,6.58021741443119e-13,12.850531339645386
394.01,28.0,44.134,12.870554924011888,6.58021741443119e-13,12.87055492401123
395.01,28.0,44.102,12.926777601242724,6.58021741443119e-13,12.926777601242064
396.01,28.0,44.005,12.97777175903386,6.58021741443119e-13,12.977771759033203
397.01,28.0,43.94,13.021405935288133,6.58021741443119e-13,13.021405935287476
398.01,28.0,43.779,13.05272340774602,6.58021741443119e-13,13.05272340774536
399.01,28.0,43.747,13.156342506409349,6.58021741443119e-13,13.156342506408691
400.02,28.0,43.747,13.031430244446458,6.58021741443119e-13,13.0314302444458
401.02,28.0,43.779,12.8776234388358,6.58021741443119e-13,12.877623438835144
402.0,28.0,43.683,12.791326045990647,6.58021741443119e-13,12.79132604598999
403.01,28.0,43.489,12.86005854606694,6.58021741443119e-13,12.860058546066284
404.01,28.0,43.489,13.082946538925828,6.58021741443119e-13,13.082946538925173
405.01,28.0,43.489,13.055738210678758,6.58021741443119e-13,13.0557382106781
406.02,28.0,43.425,13.045545816422166,6.58021741443119e-13,13.045545816421509
407.01,28.0,43.393,13.099089860916797,6.58021741443119e-13,13.099089860916138
408.0,28.0,43.457,13.16286206245488,6.58021741443119e-13,13.162862062454224
409.01,28.0,43.231,13.164997100830735,6.58021741443119e-13,13.164997100830078
410.01,28.0,43.167,13.43322157859868,6.58021741443119e-13,13.433221578598022
411.01,28.0,43.135,13.515821099281968,6.58021741443119e-13,13.515821099281313
412.01,28.0,43.167,13.53814601898259,6.58021741443119e-13,13.538146018981934
413.0,28.0,43.038,13.51695656776494,6.58021741443119e-13,13.516956567764282
414.01,28.0,43.103,13.616800904274644,6.58021741443119e-13,13.616800904273989
415.01,28.0,43.135,13.594127297402084,6.58021741443119e-13,13.594127297401428
416.01,28.0,43.006,13.60580205917424,6.58021741443119e-13,13.605802059173584
417.01,28.0,42.845,13.731122016907396,6.58021741443119e-13,13.731122016906738
418.0,28.0,42.877,13.852674365044296,6.58021741443119e-13,13.85267436504364
419.01,28.0,42.78,13.856077194214524,6.58021741443119e-13,13.856077194213867
420.0,28.0,42.78,13.935098648071946,6.58021741443119e-13,13.935098648071287
421.01,28.0,42.813,13.971680402756396,6.58021741443119e-13,13.971680402755736
422.0,28.0,42.78,13.989765644074144,6.58021741443119e-13,13.989765644073486
423.01,28.0,42.684,14.046796560288133,6.58021741443119e-13,14.046796560287476
424.01,28.0,42.78,14.126408100128833,6.58021741443119e-13,14.126408100128174
425.0,28.0,42.555,14.094471931458177,6.58021741443119e-13,14.09447193145752
426.0,28.0,42.587,14.22065734863347,6.58021741443119e-13,14.220657348632812
427.01,28.0,42.555,14.234150648117724,6.58021741443119e-13,14.234150648117064
428.0,28.0,42.555,14.267631769180957,6.58021741443119e-13,14.267631769180298
429.01,28.0,42.555,14.28447604179448,6.58021741443119e-13,14.284476041793823
430.01,28.0,42.458,14.298874139786424,6.58021741443119e-13,14.298874139785768
431.01,28.0,42.361,14.352550506592454,6.58021741443119e-13,14.352550506591797
432.01,28.0,42.361,14.406141042710008,6.58021741443119e-13,14.40614104270935
433.01,28.0,42.458,14.422427415848436,6.58021741443119e-13,14.422427415847778
434.01,28.0,42.265,14.400399327278794,6.58021741443119e-13,14.400399327278135
435.0,28.0,42.297,14.481920599938096,6.58021741443119e-13,14.48192059993744
436.01,28.0,42.2,14.491646289826097,6.58021741443119e-13,14.49164628982544
437.01,28.0,42.168,14.532001018524827,6.58021741443119e-13,14.53200101852417
438.01,28.0,42.136,14.555014371872604,6.58021741443119e-13,14.555014371871948
439.01,28.0,42.104,14.571844339371385,6.58021741443119e-13,14.571844339370728
440.01,28.0,42.2,14.588162899017991,6.58021741443119e-13,14.588162899017334
441.01,28.0,42.071,14.573584198952378,6.58021741443119e-13,14.57358419895172
442.01,28.0,42.039,14.615113735199632,6.58021741443119e-13,14.615113735198976
443.01,28.0,42.104,14.632537364960374,6.58021741443119e-13,14.632537364959717
444.01,28.0,42.071,14.62665796279973,6.58021741443119e-13,14.626657962799072
445.01,28.0,42.136,14.6403586864478,6.58021741443119e-13,14.640358686447144
446.01,28.0,42.071,14.633846282959642,6.58021741443119e-13,14.633846282958984
447.0,28.0,42.007,14.65462803840703,6.58021741443119e-13,14.654628038406372
448.01,28.0,42.039,14.676654338837327,6.58021741443119e-13,14.67665433883667
449.01,28.0,41.942,14.678460359574022,6.58021741443119e-13,14.678460359573364
450.01,40.0,41.975,14.704266786575976,6.58021741443119e-13,14.704266786575316
451.01,40.0,41.878,14.696109294892016,6.58021741443119e-13,14.696109294891356
452.01,40.0,41.91,14.44795489311284,6.58021741443119e-13,14.447954893112184
453.0,40.0,41.91,14.455840587616624,6.58021741443119e-13,14.455840587615969
454.0,40.0,41.846,14.474666118622483,6.58021741443119e-13,14.474666118621826
455.0,40.0,41.846,14.47801351547307,6.58021741443119e-13,14.478013515472412
456.01,40.0,41.846,14.47730720043248,6.58021741443119e-13,14.477307200431824
457.01,40.0,41.846,14.485062360764209,6.58021741443119e-13,14.48506236076355
458.01,40.0,41.813,14.488688707352342,6.58021741443119e-13,14.488688707351685
459.01,40.0,41.846,14.482605457306564,6.58021741443119e-13,14.482605457305908
460.01,40.0,41.813,14.488048553467454,6.58021741443119e-13,14.488048553466797
461.01,40.0,41.813,14.49590742588109,6.58021741443119e-13,14.495907425880432
462.0,40.0,41.91,14.49395120143956,6.58021741443119e-13,14.493951201438904
463.0,40.0,41.781,14.508578181267442,6.58021741443119e-13,14.508578181266785
464.01,40.0,41.652,14.504281282425584,6.58021741443119e-13,14.504281282424929
465.01,40.0,41.717,14.460979700089158,6.58021741443119e-13,14.4609797000885
466.01,40.0,41.749,14.442726373673144,6.58021741443119e-13,14.442726373672484
467.01,40.0,41.717,14.461848735809983,6.58021741443119e-13,14.461848735809326
468.01,40.0,41.652,14.46566820144719,6.58021741443119e-13,14.465668201446531
469.01,40.0,41.62,14.452128410340013,6.58021741443119e-13,14.452128410339355
470.01,40.0,41.652,14.432712793350875,6.58021741443119e-13,14.43271279335022
471.01,40.0,41.685,14.430096745491683,6.58021741443119e-13,14.430096745491028
472.01,40.0,41.652,14.443291425705612,6.58021741443119e-13,14.443291425704956
473.01,40.0,41.588,14.445934295654954,6.58021741443119e-13,14.445934295654297
474.01,40.0,41.588,14.424110054970445,6.58021741443119e-13,14.424110054969788
475.0,40.0,41.556,14.409041404724778,6.58021741443119e-13,14.40904140472412
476.0,40.0,41.556,14.399539232254686,6.58021741443119e-13,14.399539232254028
477.0,40.0,41.556,14.389894008637132,6.58021741443119e-13,14.389894008636476
478.01,40.0,41.491,14.393717050553024,6.58021741443119e-13,14.393717050552368
479.01,40.0,41.556,14.383081197739305,6.58021741443119e-13,14.383081197738647
480.01,40.0,41.523,14.382315874100389,6.58021741443119e-13,14.382315874099731
481.01,40.0,41.523,14.392175674439134,6.58021741443119e-13,14.392175674438477
482.01,40.0,41.491,14.385697245598497,6.58021741443119e-13,14.38569724559784
483.01,40.0,41.491,14.38004136085576,6.58021741443119e-13,14.380041360855104
484.01,40.0,41.556,14.370521306992234,6.58021741443119e-13,14.370521306991575
485.01,40.0,41.556,14.386310577393235,6.58021741443119e-13,14.386310577392578
486.01,40.0,41.491,14.402947425842942,6.58021741443119e-13,14.402947425842283
487.01,40.0,41.491,14.388306140900315,6.58021741443119e-13,14.388306140899658
488.01,40.0,41.491,14.367885589600268,6.58021741443119e-13,14.36788558959961
489.01,40.0,41.427,14.366564154625596,6.58021741443119e-13,14.36656415462494
490.01,40.0,41.491,14.347829818726243,6.58021741443119e-13,14.347829818725586
491.01,40.0,41.459,14.345101118088426,6.58021741443119e-13,14.345101118087769
492.01,40.0,41.459,14.361602067948043,6.58021741443119e-13,14.361602067947388
493.01,40.0,41.427,14.351098537445726,6.58021741443119e-13,14.351098537445068
494.01,40.0,41.395,14.341043829918563,6.58021741443119e-13,14.341043829917908
495.01,40.0,41.362,14.32014226913518,6.58021741443119e-13,14.32014226913452
496.01,40.0,41.33,14.301200509072007,6.58021741443119e-13,14.30120050907135
497.01,40.0,41.395,14.282235503197374,6.58021741443119e-13,14.282235503196716
498.01,40.0,41.362,14.29440379142827,6.58021741443119e-13,14.294403791427612
499.01,40.0,41.395,14.31143760681218,6.58021741443119e-13,14.311437606811523
500.01,40.0,41.266,14.309440255165756,6.58021741443119e-13,14.3094402551651
501.0,40.0,41.266,14.281808137894334,6.58021741443119e-13,14.281808137893677
502.01,40.0,41.33,14.22957658767766,6.58021741443119e-13,14.229576587677002
503.01,40.0,41.233,14.255865812302291,6.58021741443119e-13,14.255865812301636
504.0,40.0,41.233,14.25309598445958,6.58021741443119e-13,14.253095984458923
505.0,40.0,41.298,14.216523170471849,6.58021741443119e-13,14.216523170471191
506.01,40.0,41.233,14.24354553222722,6.58021741443119e-13,14.243545532226562
507.0,40.0,41.266,14.249371290207566,6.58021741443119e-13,14.24937129020691
508.0,40.0,41.33,14.230967760086717,6.58021741443119e-13,14.23096776008606
509.0,40.0,41.169,14.26277160644597,6.58021741443119e-13,14.262771606445312
510.01,40.0,41.233,14.23520207405156,6.58021741443119e-13,14.235202074050903
511.01,40.0,41.201,14.188857078552903,6.58021741443119e-13,14.188857078552246
512.01,40.0,41.169,14.207267761231126,6.58021741443119e-13,14.207267761230469
513.01,40.0,41.169,14.184833765030564,6.58021741443119e-13,14.184833765029907
514.01,40.0,41.137,14.173575639725389,6.58021741443119e-13,14.173575639724731
515.01,40.0,41.104,14.162939786911668,6.58021741443119e-13,14.16293978691101
516.01,40.0,41.201,14.137741327286424,6.58021741443119e-13,14.137741327285768
517.0,40.0,41.137,14.15948688983983,6.58021741443119e-13,14.159486889839172
518.01,40.0,41.266,14.180606603623094,6.58021741443119e-13,14.180606603622437
519.0,40.0,41.104,14.197672605515184,6.58021741443119e-13,14.197672605514526
520.01,40.0,41.104,14.1918700933463,6.58021741443119e-13,14.191870093345642
521.0,40.0,41.104,14.115625619888965,6.58021741443119e-13,14.115625619888306
522.0,40.0,41.008,14.120054841042222,6.58021741443119e-13,14.120054841041563
523.01,40.0,41.072,14.086107015610398,6.58021741443119e-13,14.08610701560974
524.01,40.0,41.072,14.070902466774644,6.58021741443119e-13,14.070902466773989
525.01,40.0,40.976,14.106525778771104,6.58021741443119e-13,14.106525778770449
526.01,40.0,40.976,14.06548976898259,6.58021741443119e-13,14.065489768981934
527.01,40.0,41.008,14.019237756729783,6.58021741443119e-13,14.019237756729126
528.01,40.0,41.04,14.037614464760484,6.58021741443119e-13,14.037614464759828
529.02,40.0,40.943,14.072985649109544,6.58021741443119e-13,14.072985649108888
530.01,40.0,40.879,14.039867520332994,6.58021741443119e-13,14.039867520332336
531.01,40.0,40.879,13.952136039734544,6.58021741443119e-13,13.952136039733888
532.01,40.0,40.943,13.932988643646896,6.58021741443119e-13,13.93298864364624
533.01,40.0,40.879,13.983188867569629,6.58021741443119e-13,13.98318886756897
534.0,40.0,40.911,13.977577686310472,6.58021741443119e-13,13.977577686309814
535.01,40.0,40.879,13.958578705788316,6.58021741443119e-13,13.95857870578766
536.0,40.0,40.911,13.95544588565892,6.58021741443119e-13,13.955445885658264
537.0,40.0,40.943,13.957196474075976,6.58021741443119e-13,13.957196474075316
538.0,40.0,40.847,13.986741900444688,6.58021741443119e-13,13.98674190044403
539.0,40.0,40.911,13.937466144562425,6.58021741443119e-13,13.937466144561768
540.01,40.0,40.814,13.932437896729173,6.58021741443119e-13,13.932437896728516
541.0,40.0,40.75,13.914282917977037,6.58021741443119e-13,13.91428291797638
542.01,40.0,40.847,13.862822055817308,6.58021741443119e-13,13.86282205581665
543.0,40.0,40.814,13.885227441788375,6.58021741443119e-13,13.88522744178772
544.01,40.0,40.782,13.90745401382512,6.58021741443119e-13,13.907454013824465
545.0,40.0,40.686,13.879716396332444,6.58021741443119e-13,13.879716396331789
546.0,40.0,40.686,13.823052048683824,6.58021741443119e-13,13.823052048683168
547.0,40.0,40.782,13.801002502442064,6.58021741443119e-13,13.801002502441406
548.01,40.0,40.718,13.848763704300584,6.58021741443119e-13,13.848763704299929
549.0,40.0,40.75,13.853682875633895,6.58021741443119e-13,13.85368287563324
550.01,40.0,40.686,13.843270540238084,6.58021741443119e-13,13.843270540237429
551.01,40.0,40.653,13.826111555100145,6.58021741443119e-13,13.826111555099487
552.01,40.0,40.621,13.792778849602405,6.58021741443119e-13,13.792778849601746
553.01,40.0,40.718,13.770411014557542,6.58021741443119e-13,13.770411014556885
554.01,40.0,40.653,13.798268437386216,6.58021741443119e-13,13.79826843738556
555.0,40.0,40.621,13.805959224701583,6.58021741443119e-13,13.805959224700928
556.01,40.0,40.621,13.765450716019334,6.58021741443119e-13,13.765450716018677
557.01,40.0,40.686,13.7566494941718,6.58021741443119e-13,13.756649494171144
558.01,40.0,40.589,13.787151575089158,6.58021741443119e-13,13.7871515750885
559.01,40.0,40.686,13.765287995339095,6.58021741443119e-13,13.76528799533844
560.01,40.0,40.653,13.768342137337388,6.58021741443119e-13,13.768342137336733
561.01,40.0,40.589,13.78469109535283,6.58021741443119e-13,13.784691095352173
562.0,40.0,40.589,13.744990825653732,6.58021741443119e-13,13.744990825653076
563.01,40.0,40.589,13.725821971893968,6.58021741443119e-13,13.72582197189331
564.0,40.0,40.557,13.728003501892749,6.58021741443119e-13,13.72800350189209
565.0,40.0,40.557,13.715618848801316,6.58021741443119e-13,13.71561884880066
566.01,40.0,40.524,13.701331615448655,6.58021741443119e-13,13.701331615447998
567.01,40.0,40.589,13.686876296997728,6.58021741443119e-13,13.68687629699707
568.0,40.0,40.589,13.71178865432805,6.58021741443119e-13,13.711788654327393
569.01,40.0,40.589,13.731143474579516,6.58021741443119e-13,13.731143474578856
570.01,40.0,40.524,13.723840713501634,6.58021741443119e-13,13.723840713500977
571.01,40.0,40.653,13.687368035317125,6.58021741443119e-13,13.687368035316467
572.0,40.0,40.557,13.73191952705449,6.58021741443119e-13,13.731919527053831
573.01,40.0,40.557,13.729323148728074,6.58021741443119e-13,13.729323148727415
574.0,40.0,40.557,13.68670821189946,6.58021741443119e-13,13.686708211898804
575.01,40.0,40.524,13.691368103028,6.58021741443119e-13,13.691368103027344
576.01,40.0,40.589,13.672467470169725,6.58021741443119e-13,13.672467470169067
577.01,40.0,40.557,13.698270320892991,6.58021741443119e-13,13.698270320892334
578.01,40.0,40.46,13.695173263550462,6.58021741443119e-13,13.695173263549805
579.01,40.0,40.589,13.633478879929246,6.58021741443119e-13,13.633478879928589
580.01,40.0,40.557,13.684008121491136,6.58021741443119e-13,13.68400812149048
581.01,40.0,40.428,13.697925209999742,6.58021741443119e-13,13.697925209999084
582.01,40.0,40.46,13.612815141678514,6.58021741443119e-13,13.612815141677856
583.01,40.0,40.46,13.601435422897996,6.58021741443119e-13,13.60143542289734
584.02,40.0,40.46,13.624048233032884,6.58021741443119e-13,13.624048233032228
585.01,40.0,40.46,13.62473130226201,6.58021741443119e-13,13.624731302261353
586.01,40.0,40.46,13.620496988297166,6.58021741443119e-13,13.620496988296509
587.01,40.0,40.428,13.626308441162768,6.58021741443119e-13,13.62630844116211
588.01,40.0,40.363,13.604443073273362,6.58021741443119e-13,13.604443073272703
589.01,40.0,40.396,13.54540944099492,6.58021741443119e-13,13.545409440994264
590.01,40.0,40.396,13.558559417725268,6.58021741443119e-13,13.55855941772461
591.01,40.0,40.524,13.57812166214055,6.58021741443119e-13,13.578121662139893
592.01,40.0,40.363,13.65924239158696,6.58021741443119e-13,13.659242391586304
593.01,40.0,40.331,13.588246107102098,6.58021741443119e-13,13.58824610710144
594.01,40.0,40.363,13.509310483933152,6.58021741443119e-13,13.509310483932495
595.01,40.0,40.234,13.536892533302964,6.58021741443119e-13,13.536892533302307
596.01,40.0,40.267,13.452905416489305,6.58021741443119e-13,13.452905416488647
597.01,40.0,40.299,13.453685045242969,6.58021741443119e-13,13.45368504524231
598.01,40.0,40.331,13.499790430069629,6.58021741443119e-13,13.49979043006897
599.0,40.0,40.267,13.53917598724431,6.58021741443119e-13,13.539175987243652
600.01,40.0,40.331,13.491883277893724,6.58021741443119e-13,13.491883277893066
