time,T1,Tref,Q1
0,31.823,40.0,99.72122955322266
1,32.307,40.0,99.32252502441406
2,32.274,40.0,98.15816497802734
3,32.371,40.0,97.26009368896484
4,32.371,40.0,96.72624206542969
5,32.371,40.0,96.6339340209961
6,32.436,40.0,96.45598602294922
7,32.468,40.0,96.21684265136719
8,32.371,40.0,96.06535339355469
9,32.629,40.0,96.15348815917969
10,32.693,40.0,96.47825622558594
11,32.693,40.0,96.25733947753906
12,32.854,40.0,96.28363037109375
13,32.983,40.0,95.57298278808594
14,32.951,40.0,94.21492004394531
15,33.08,40.0,92.65796661376953
16,33.273,40.0,91.01907348632812
17,33.273,40.0,89.80996704101562
18,33.435,40.0,89.32752990722656
19,33.628,40.0,88.50282287597656
20,33.757,40.0,85.665283203125
21,33.95,40.0,81.80217742919922
22,34.079,40.0,74.76875305175781
23,34.144,40.0,78.02971649169922
24,34.53,40.0,73.77416229248047
25,34.466,40.0,75.17137908935547
26,34.885,40.0,73.66282653808594
27,34.756,40.0,74.75886535644531
28,35.143,40.0,74.5836181640625
29,35.336,40.0,72.98702239990234
30,35.594,40.0,72.74671936035156
31,35.852,40.0,72.07392120361328
32,35.916,40.0,71.58428955078125
33,36.174,40.0,71.41564178466797
34,36.303,40.0,69.72321319580078
35,36.689,40.0,68.4504623413086
36,36.722,40.0,67.37724304199219
37,36.915,40.0,67.0855712890625
38,37.012,40.0,66.37093353271484
39,37.366,40.0,64.39566802978516
40,37.592,40.0,61.7624397277832
41,37.753,40.0,57.47710037231445
42,37.914,40.0,53.28418731689453
43,38.011,40.0,50.473995208740234
44,38.301,40.0,46.33812713623047
45,38.43,40.0,41.111328125
46,38.526,40.0,37.18721389770508
47,38.978,40.0,29.810983657836914
48,39.106,40.0,20.614389419555664
49,39.01,40.0,19.741455078125
50,39.396,40.0,29.551427841186523
51,39.59,40.0,34.585941314697266
52,39.783,40.0,35.39043045043945
53,39.912,40.0,35.09708023071289
54,40.041,40.0,35.71159744262695
55,40.234,40.0,34.16055679321289
56,40.621,40.0,30.40848731994629
57,40.396,40.0,26.487314224243164
58,40.718,40.0,30.660707473754883
59,40.976,40.0,26.744873046875
60,41.169,40.0,23.894792556762695
61,41.104,40.0,19.49755859375
62,41.201,40.0,13.041633605957031
63,41.298,40.0,7.087898254394531
64,41.523,40.0,5.852088451385498
65,41.491,40.0,5.33265495300293
66,41.652,40.0,4.214817047119141
67,41.846,40.0,3.666940212249756
68,41.942,40.0,3.5260140895843506
69,42.104,40.0,3.7261276245117188
70,42.104,40.0,3.9206056594848633
71,42.265,40.0,4.147452354431152
72,42.297,40.0,4.738455772399902
73,42.265,40.0,5.011770248413086
74,42.522,40.0,4.846110820770264
75,42.49,40.0,5.028149604797363
76,42.555,40.0,5.020296573638916
77,42.684,40.0,4.95883846282959
78,42.684,40.0,4.992473125457764
79,42.813,40.0,5.076974868774414
80,42.845,40.0,4.880362510681152
81,42.78,40.0,4.585808753967285
82,42.78,40.0,4.196152210235596
83,42.877,40.0,4.01776123046875
84,42.845,40.0,3.8149774074554443
85,42.845,40.0,3.644880771636963
86,42.909,40.0,5.119797706604004
87,43.006,40.0,5.622601509094238
88,42.974,40.0,4.870906352996826
89,42.941,40.0,4.085242748260498
90,43.038,40.0,4.14048433303833
91,42.974,40.0,4.314389705657959
92,43.038,40.0,4.076898097991943
93,43.103,40.0,3.8067221641540527
94,43.103,40.0,3.7625372409820557
95,42.974,40.0,3.8675308227539062
96,42.909,40.0,4.48613166809082
97,42.974,40.0,4.242104530334473
98,42.909,40.0,3.9563684463500977
99,42.974,40.0,3.754469871520996
100,43.006,42.0,4.285827159881592
101,42.941,42.0,9.029528617858887
102,42.941,42.0,11.030766487121582
103,42.845,42.0,13.59524154663086
104,42.909,42.0,15.318211555480957
105,42.877,42.0,16.58785057067871
106,42.974,42.0,17.24477767944336
107,42.877,42.0,21.080610275268555
108,42.941,42.0,23.604604721069336
109,42.974,42.0,20.89990997314453
110,42.941,42.0,17.763328552246094
111,42.941,42.0,16.422456741333008
112,42.813,42.0,16.697893142700195
113,42.748,42.0,18.24382209777832
114,42.813,42.0,18.33538055419922
115,42.845,42.0,17.30620002746582
116,42.684,42.0,17.65302085876465
117,42.716,42.0,18.38499641418457
118,42.587,42.0,18.769445419311523
119,42.748,42.0,18.260456085205078
120,42.522,42.0,18.321517944335938
121,42.651,42.0,19.011173248291016
122,42.619,42.0,17.71525764465332
123,42.619,42.0,17.204050064086914
124,42.587,42.0,17.38377571105957
125,42.651,42.0,17.380496978759766
126,42.555,42.0,18.119728088378906
127,42.555,42.0,19.535457611083984
128,42.684,42.0,18.96839714050293
129,42.49,42.0,18.722888946533203
130,42.78,42.0,18.104618072509766
131,42.522,42.0,17.459068298339844
132,42.522,42.0,19.85992431640625
133,42.522,42.0,20.587005615234375
134,42.458,42.0,20.81037139892578
135,42.587,42.0,19.309974670410156
136,42.522,42.0,18.10666847229004
137,42.49,42.0,18.694231033325195
138,42.458,42.0,19.821504592895508
139,42.522,42.0,19.917360305786133
140,42.555,42.0,18.765472412109375
141,42.522,42.0,18.403038024902344
142,42.619,42.0,17.82020378112793
143,42.619,42.0,16.855802536010742
144,42.555,42.0,17.678869247436523
145,42.49,42.0,19.34223175048828
146,42.522,42.0,20.337703704833984
147,42.684,42.0,18.383996963500977
148,42.587,42.0,17.088022232055664
149,42.49,42.0,18.56869125366211
150,42.619,42.0,18.693527221679688
151,42.587,42.0,17.89706039428711
152,42.619,42.0,18.22119140625
153,42.458,42.0,19.57232093811035
154,42.522,42.0,20.32217025756836
155,42.49,42.0,19.601600646972656
156,42.619,42.0,18.44211769104004
157,42.555,42.0,17.942550659179688
158,42.522,42.0,18.76796531677246
159,42.458,42.0,20.297039031982422
160,42.49,42.0,20.763486862182617
161,42.587,42.0,18.913368225097656
162,42.522,42.0,17.77019500732422
163,42.555,42.0,17.966218948364258
164,42.49,42.0,18.771154403686523
165,42.49,42.0,19.951797485351562
166,42.587,42.0,19.106037139892578
167,42.458,42.0,19.062541961669922
168,42.522,42.0,19.45486068725586
169,42.587,42.0,18.185827255249023
170,42.587,42.0,17.395008087158203
171,42.555,42.0,17.884687423706055
172,42.522,42.0,18.975645065307617
173,42.522,42.0,19.48050880432129
174,42.49,42.0,19.837352752685547
175,42.555,42.0,19.20709228515625
176,42.619,42.0,17.633899688720703
177,42.522,42.0,17.690731048583984
178,42.522,42.0,19.130504608154297
179,42.555,42.0,19.42857551574707
180,42.522,42.0,19.263896942138672
181,42.522,42.0,19.123247146606445
182,42.555,42.0,18.60262680053711
183,42.619,42.0,17.667448043823242
184,42.619,42.0,17.22167205810547
185,42.651,42.0,17.46794891357422
186,42.651,42.0,38.97396469116211
187,42.813,42.0,45.30534362792969
188,42.651,42.0,48.65193176269531
189,42.684,42.0,58.45741653442383
190,42.78,42.0,67.95106506347656
191,42.877,42.0,77.75042724609375
192,42.909,42.0,83.20038604736328
193,43.006,42.0,83.29057312011719
194,42.877,42.0,79.64727020263672
195,42.877,42.0,76.79767608642578
196,43.038,42.0,75.24359130859375
197,43.038,42.0,66.60726928710938
198,43.103,42.0,61.01466369628906
199,43.038,42.0,56.597816467285156
200,43.167,45.0,34.50789260864258
201,43.006,45.0,36.029075622558594
202,43.103,45.0,38.94429016113281
203,43.296,45.0,39.81723403930664
204,43.264,45.0,35.0001335144043
205,43.264,45.0,32.088077545166016
206,43.489,45.0,32.73118591308594
207,43.36,45.0,30.798221588134766
208,43.457,45.0,30.558622360229492
209,43.65,45.0,33.939369201660156
210,43.586,45.0,37.5453987121582
211,43.812,45.0,45.533836364746094
212,43.812,45.0,49.75166320800781
213,43.973,45.0,50.99093246459961
214,44.005,45.0,50.51365661621094
215,44.102,45.0,48.78761291503906
216,44.102,45.0,46.98461151123047
217,44.198,45.0,44.93404006958008
218,44.392,45.0,42.150794982910156
219,44.263,45.0,36.17258834838867
220,44.553,45.0,32.67790603637695
221,44.424,45.0,29.847145080566406
222,44.617,45.0,29.816930770874023
223,44.553,45.0,28.042953491210938
224,44.617,45.0,28.167512893676758
225,44.778,45.0,26.846492767333984
226,44.875,45.0,25.529272079467773
227,44.939,45.0,24.08361053466797
228,44.907,45.0,23.872133255004883
229,45.068,45.0,23.44437026977539
230,45.101,45.0,22.829469680786133
231,45.165,45.0,22.755950927734375
232,45.101,45.0,23.916894912719727
233,45.229,45.0,23.475521087646484
234,45.358,45.0,21.548179626464844
235,45.455,45.0,19.105669021606445
236,45.391,45.0,18.148569107055664
237,45.552,45.0,17.164043426513672
238,45.52,45.0,16.1590633392334
239,45.552,45.0,16.254413604736328
240,45.584,45.0,16.438966751098633
241,45.648,45.0,16.485605239868164
242,45.648,45.0,16.64404296875
243,45.745,45.0,16.610870361328125
244,45.745,45.0,16.145280838012695
245,45.777,45.0,15.991247177124023
246,45.777,45.0,16.028261184692383
247,45.81,45.0,16.22309112548828
248,45.81,45.0,16.18395233154297
249,45.81,45.0,16.446659088134766
250,45.777,45.0,17.111215591430664
251,46.035,45.0,15.31372356414795
252,45.777,45.0,15.580731391906738
253,45.971,45.0,15.636643409729004
254,45.971,45.0,14.44522762298584
255,45.938,45.0,14.048730850219727
256,45.906,45.0,14.505359649658203
257,46.035,45.0,13.94929313659668
258,46.164,45.0,11.814030647277832
259,45.938,45.0,12.261062622070312
260,46.067,45.0,12.955060958862305
261,46.067,45.0,12.558761596679688
262,46.132,45.0,12.022262573242188
263,45.874,45.0,13.786828994750977
264,45.938,45.0,15.896665573120117
265,45.971,45.0,16.1870059967041
266,45.971,45.0,16.218486785888672
267,46.003,45.0,16.188446044921875
268,45.842,45.0,17.50396728515625
269,45.842,45.0,18.891738891601562
270,45.971,45.0,17.996469497680664
271,45.874,45.0,17.957056045532227
272,45.906,45.0,17.786439895629883
273,45.938,45.0,16.993532180786133
274,45.842,45.0,17.366849899291992
275,45.874,45.0,17.83951759338379
276,45.842,45.0,17.938268661499023
277,45.842,45.0,17.8836669921875
278,45.81,45.0,18.3625431060791
279,45.842,45.0,18.22768211364746
280,45.777,45.0,18.382266998291016
281,45.938,45.0,16.965261459350586
282,45.906,45.0,15.90716552734375
283,45.842,45.0,16.268753051757812
284,45.777,45.0,17.546344757080078
285,45.745,45.0,18.679798126220703
286,45.842,45.0,32.414276123046875
287,45.842,45.0,45.87627410888672
288,45.971,45.0,55.05653762817383
289,45.874,45.0,63.77546691894531
290,45.842,45.0,70.87542724609375
291,45.971,45.0,75.63518524169922
292,46.003,45.0,76.65283966064453
293,45.906,45.0,77.89888000488281
294,45.971,45.0,77.5846939086914
295,45.842,45.0,75.7353286743164
296,45.777,45.0,73.25260925292969
297,45.906,45.0,67.31822967529297
298,45.971,45.0,58.4000244140625
299,45.971,45.0,49.33732604980469
300,45.971,48.0,34.10191345214844
301,45.906,48.0,37.86565017700195
302,45.906,48.0,39.88591003417969
303,46.003,48.0,40.63571548461914
304,45.971,48.0,39.72603225708008
305,46.229,48.0,42.66236877441406
306,46.196,48.0,44.85919189453125
307,46.196,48.0,47.57152557373047
308,46.196,48.0,50.337074279785156
309,46.293,48.0,54.16889190673828
310,46.486,48.0,57.329219818115234
311,46.551,48.0,59.4686393737793
312,46.615,48.0,61.056182861328125
313,46.68,48.0,60.90834045410156
314,46.744,48.0,58.951026916503906
315,46.809,48.0,55.60208511352539
316,47.034,48.0,52.55944061279297
317,46.873,48.0,48.30786895751953
318,46.938,48.0,43.678836822509766
319,46.873,48.0,39.2829475402832
320,47.099,48.0,37.220428466796875
321,47.034,48.0,36.11351776123047
322,47.131,48.0,37.13169860839844
323,47.131,48.0,37.99153137207031
324,47.389,48.0,39.861358642578125
325,47.485,48.0,39.382266998291016
326,47.485,48.0,39.495540618896484
327,47.518,48.0,40.14676284790039
328,47.711,48.0,40.229637145996094
329,47.646,48.0,40.260536193847656
330,47.775,48.0,41.05024719238281
331,47.904,48.0,40.569026947021484
332,47.84,48.0,39.938968658447266
333,47.904,48.0,39.21427917480469
334,47.84,48.0,38.37887954711914
335,48.13,48.0,35.875328063964844
336,48.098,48.0,32.313507080078125
337,48.13,48.0,29.979663848876953
338,48.162,48.0,28.66698455810547
339,48.162,48.0,28.353878021240234
340,48.291,48.0,27.004581451416016
341,48.452,48.0,24.100669860839844
342,48.291,48.0,24.405006408691406
343,48.452,48.0,24.524147033691406
344,48.355,48.0,25.30276107788086
345,48.517,48.0,25.189346313476562
346,48.452,48.0,25.338685989379883
347,48.517,48.0,25.766063690185547
348,48.71,48.0,23.399654388427734
349,48.742,48.0,21.26251220703125
350,48.71,48.0,20.933643341064453
351,48.774,48.0,20.651185989379883
352,48.839,48.0,19.872156143188477
353,48.807,48.0,19.97922706604004
354,48.774,48.0,21.143726348876953
355,48.936,48.0,19.998363494873047
356,48.968,48.0,18.366626739501953
357,48.871,48.0,19.34259605407715
358,49.0,48.0,19.309755325317383
359,49.161,48.0,16.995651245117188
360,48.968,48.0,17.427650451660156
361,48.903,48.0,20.034435272216797
362,49.032,48.0,20.026611328125
363,49.064,48.0,18.742952346801758
364,49.0,48.0,19.319557189941406
365,49.0,48.0,20.46415138244629
366,49.097,48.0,19.511219024658203
367,49.0,48.0,19.756954193115234
368,48.968,48.0,21.135265350341797
369,49.0,48.0,21.384944915771484
370,49.0,48.0,20.943466186523438
371,49.097,48.0,19.702768325805664
372,49.258,48.0,17.181610107421875
373,48.936,48.0,18.560707092285156
374,49.0,48.0,20.43951988220215
375,49.032,48.0,20.58732795715332
376,49.032,48.0,20.419618606567383
377,49.032,48.0,20.210546493530273
378,49.032,48.0,19.904926300048828
379,48.936,48.0,21.036514282226562
380,49.064,48.0,20.87645149230957
381,48.936,48.0,21.352750778198242
382,48.968,48.0,21.990659713745117
383,48.807,48.0,24.21356964111328
384,48.936,48.0,24.316635131835938
385,48.871,48.0,23.909013748168945
386,48.936,48.0,8.920198440551758
387,48.742,48.0,3.627964973449707
388,48.71,48.0,2.456158399581909
389,48.742,48.0,1.750996708869934
390,48.678,48.0,1.5819370746612549
391,48.774,48.0,1.769915223121643
392,48.646,48.0,1.6217738389968872
393,48.71,48.0,1.8239498138427734
394,48.678,48.0,2.4347126483917236
395,48.613,48.0,3.0751795768737793
396,48.613,48.0,3.4688949584960938
397,48.613,48.0,3.0682027339935303
398,48.613,48.0,1.782381534576416
399,48.613,48.0,1.8118590116500854
400,48.452,40.0,1.4215469360351562
401,48.388,40.0,1.7747044563293457
402,48.388,40.0,1.7158925533294678
403,48.42,40.0,1.7018914222717285
404,48.291,40.0,1.7512261867523193
405,48.323,40.0,1.7105340957641602
406,48.388,40.0,1.6282588243484497
407,48.194,40.0,1.5818387269973755
408,48.162,40.0,1.534491777420044
409,48.033,40.0,1.4979153871536255
410,48.001,40.0,1.4503061771392822
411,47.969,40.0,1.40455961227417
412,47.969,40.0,1.3902902603149414
413,47.84,40.0,1.405775547027588
414,47.872,40.0,1.3917118310928345
415,47.808,40.0,1.3945996761322021
416,47.743,40.0,1.4019936323165894
417,47.646,40.0,1.4065086841583252
418,47.711,40.0,1.3905912637710571
419,47.55,40.0,1.4166712760925293
420,47.453,40.0,1.4231503009796143
421,47.324,40.0,1.4362543821334839
422,47.356,40.0,1.4249414205551147
423,47.292,40.0,1.4309287071228027
424,47.356,40.0,1.4187723398208618
425,47.163,40.0,1.4480680227279663
426,47.066,40.0,1.452571153640747
427,46.938,40.0,1.4642596244812012
428,46.938,40.0,1.45491361618042
429,46.841,40.0,1.467779278755188
430,46.776,40.0,1.4696449041366577
431,46.744,40.0,1.4688998460769653
432,46.68,40.0,1.4752060174942017
433,46.583,40.0,1.4839917421340942
434,46.551,40.0,1.4810562133789062
435,46.486,40.0,1.487487554550171
436,46.39,40.0,1.496395468711853
437,46.422,40.0,1.4842629432678223
438,46.357,40.0,1.4953911304473877
439,46.325,40.0,1.4947682619094849
440,46.1,40.0,1.5250623226165771
441,46.132,40.0,1.5299677848815918
442,46.003,40.0,1.5915274620056152
443,45.971,40.0,1.6257673501968384
444,45.874,40.0,1.6830205917358398
445,45.745,40.0,1.7767518758773804
446,45.777,40.0,1.788279414176941
447,45.81,40.0,1.764175295829773
448,45.681,40.0,1.8433243036270142
449,45.584,40.0,1.941072940826416
450,45.455,40.0,2.053567886352539
451,45.391,40.0,2.13027286529541
452,45.391,40.0,2.14984130859375
453,45.358,40.0,2.1769702434539795
454,45.326,40.0,2.2120416164398193
455,45.358,40.0,2.2015631198883057
456,45.101,40.0,2.382758140563965
457,45.068,40.0,2.4818599224090576
458,45.133,40.0,2.4466335773468018
459,45.036,40.0,2.5104761123657227
460,44.972,40.0,2.5921850204467773
461,44.746,40.0,2.8067588806152344
462,44.746,40.0,2.8874576091766357
463,44.746,40.0,2.8938798904418945
464,44.778,40.0,2.869007110595703
465,44.553,40.0,3.195145606994629
466,44.553,40.0,3.287604331970215
467,44.456,40.0,3.49569034576416
468,44.456,40.0,3.5424442291259766
469,44.585,40.0,3.2686800956726074
470,44.424,40.0,3.563669204711914
471,44.327,40.0,3.601834297180176
472,44.134,40.0,3.569802761077881
473,44.102,40.0,3.3574044704437256
474,44.134,40.0,3.3259363174438477
475,44.037,40.0,3.2732396125793457
476,43.94,40.0,3.1144559383392334
477,43.812,40.0,2.936500310897827
478,43.779,40.0,2.7972638607025146
479,43.747,40.0,2.748119831085205
480,43.715,40.0,2.700796604156494
481,43.618,40.0,2.6196062564849854
482,43.65,40.0,2.575463056564331
483,43.586,40.0,2.5575428009033203
484,43.457,40.0,2.4426937103271484
485,43.425,40.0,2.336341142654419
486,43.393,40.0,2.2918076515197754
487,43.231,40.0,2.2182135581970215
488,43.199,40.0,2.192974090576172
489,43.135,40.0,2.1775693893432617
490,43.135,40.0,2.1752893924713135
491,43.103,40.0,2.1687655448913574
492,42.974,40.0,2.1570205688476562
493,42.941,40.0,2.189990997314453
494,42.845,40.0,2.213996648788452
495,42.813,40.0,2.2390127182006836
496,42.78,40.0,2.2486538887023926
497,42.813,40.0,2.246600389480591
498,42.716,40.0,2.252164363861084
499,42.651,40.0,2.277574062347412
